-- ▼商品マスタ
INSERT INTO product_master (id,created_at,created_user_id,updated_at,updated_user_id,version,product_name,rep_item_master_id,app_id,contract_class_div,json_schema_master_id,product_class_div,extends_parameter_div,approver_flg,integration_contract_class_div,penalty_flg,min_contract_months,max_contract_months,siiresaki_no,arcs_contract_class_div) VALUES (6005,'2030/12/31','COTOS','2030/12/31','COTOS',1,'Merakiスマートサービス',null,'cotos','016',null,'MSS',null,null,'016',1,null,null,'022','960');

-- ▼品種マスタ ★まだ違約金品種マスタIDは未設定
--違約金有無フラグ=「0：無し」
INSERT INTO item_master (id,created_at,created_user_id,updated_at,updated_user_id,version,product_master_id,item_name,ricoh_item_code,item_type,cost_type,partition_price,effective_from,effective_to,bp_cd,r_cost,rj_purchase_price,rj_dividing_price,mother_store_price,tax_flag,ifs_linkage_flg,shortest_delivery_date,standard_price,no_application_form_output_flg,no_work_report_output_flg,vup_linkage_exclusion_flg,maker_item_code,offer_end_date,new_order_stop_date,final_linked_month,lower_limit,vendor_short_name,contract_span_month,contract_span_start_date_type,origin_item_master_id,penalty_flg,min_contract_months,penalty_start_date_type,penalty_item_master_id,item_decompose_type,running_from_calc_master_id) VALUES (16125,'2020/12/3','COTOS','2020/12/3','COTOS',1,6005,'MR20','973422','1','1',39840,'2020/2/5','2999/12/31','123456',19920,19920,31872,33864,0,0,1,39840,0,0,1,'メーカー商品コード1','2019/11/26','2019/11/27','2019/11/28',19920,'SB','1',null,null,0,null,null,null,null,null);
--違約金有無フラグ=「1：有り」、違約金起算日区分 = 「1:サービス開始日」
INSERT INTO item_master (id,created_at,created_user_id,updated_at,updated_user_id,version,product_master_id,item_name,ricoh_item_code,item_type,cost_type,partition_price,effective_from,effective_to,bp_cd,r_cost,rj_purchase_price,rj_dividing_price,mother_store_price,tax_flag,ifs_linkage_flg,shortest_delivery_date,standard_price,no_application_form_output_flg,no_work_report_output_flg,vup_linkage_exclusion_flg,maker_item_code,offer_end_date,new_order_stop_date,final_linked_month,lower_limit,vendor_short_name,contract_span_month,contract_span_start_date_type,origin_item_master_id,penalty_flg,min_contract_months,penalty_start_date_type,penalty_item_master_id,item_decompose_type,running_from_calc_master_id) VALUES (16126,'2020/12/3','COTOS','2020/12/3','COTOS',1,6005,'ワイヤレスプラン ライトモデル20','973423','1','1',34800,'2020/2/5','2999/12/31','123456',24360,24360,27840,29580,0,0,1,34800,0,0,1,'メーカー商品コード1','2019/11/26','2019/11/27','2019/11/28',24360,'SB','1','3',null,1,12,'1',null,'1',null);
--違約金有無フラグ=「0：無し」
INSERT INTO item_master (id,created_at,created_user_id,updated_at,updated_user_id,version,product_master_id,item_name,ricoh_item_code,item_type,cost_type,partition_price,effective_from,effective_to,bp_cd,r_cost,rj_purchase_price,rj_dividing_price,mother_store_price,tax_flag,ifs_linkage_flg,shortest_delivery_date,standard_price,no_application_form_output_flg,no_work_report_output_flg,vup_linkage_exclusion_flg,maker_item_code,offer_end_date,new_order_stop_date,final_linked_month,lower_limit,vendor_short_name,contract_span_month,contract_span_start_date_type,origin_item_master_id,penalty_flg,min_contract_months,penalty_start_date_type,penalty_item_master_id,item_decompose_type,running_from_calc_master_id) VALUES (16147,'2020/12/3','COTOS','2020/12/3','COTOS',1,6005,'MX67','973444','1','1',92610,'2020/2/5','2999/12/31','123456',46305,46305,74088,78718.5,0,0,1,92610,0,0,1,'メーカー商品コード1','2019/11/26','2019/11/27','2019/11/28',46305,'SB','1',null,null,null,null,null,null,'1',null);
--違約金有無フラグ=「1：有り」、違約金起算日区分 = 「1:サービス開始日」
INSERT INTO item_master (id,created_at,created_user_id,updated_at,updated_user_id,version,product_master_id,item_name,ricoh_item_code,item_type,cost_type,partition_price,effective_from,effective_to,bp_cd,r_cost,rj_purchase_price,rj_dividing_price,mother_store_price,tax_flag,ifs_linkage_flg,shortest_delivery_date,standard_price,no_application_form_output_flg,no_work_report_output_flg,vup_linkage_exclusion_flg,maker_item_code,offer_end_date,new_order_stop_date,final_linked_month,lower_limit,vendor_short_name,contract_span_month,contract_span_start_date_type,origin_item_master_id,penalty_flg,min_contract_months,penalty_start_date_type,penalty_item_master_id,item_decompose_type,running_from_calc_master_id) VALUES (16148,'2020/12/3','COTOS','2020/12/3','COTOS',1,6005,'UTMプラン スタンダードモデル67','973445','1','1',42000,'2020/2/5','2999/12/31','123456',29400,29400,33600,35700,0,0,1,42000,0,0,1,'メーカー商品コード1','2019/11/26','2019/11/27','2019/11/28',29400,'SB','1','3',null,1,12,'2',null,'1',null);
--違約金有無フラグ=「NULL（設定無し）」
INSERT INTO item_master (id,created_at,created_user_id,updated_at,updated_user_id,version,product_master_id,item_name,ricoh_item_code,item_type,cost_type,partition_price,effective_from,effective_to,bp_cd,r_cost,rj_purchase_price,rj_dividing_price,mother_store_price,tax_flag,ifs_linkage_flg,shortest_delivery_date,standard_price,no_application_form_output_flg,no_work_report_output_flg,vup_linkage_exclusion_flg,maker_item_code,offer_end_date,new_order_stop_date,final_linked_month,lower_limit,vendor_short_name,contract_span_month,contract_span_start_date_type,origin_item_master_id,penalty_flg,min_contract_months,penalty_start_date_type,penalty_item_master_id,item_decompose_type,running_from_calc_master_id) VALUES (16220,'2020/12/3','COTOS','2020/12/3','COTOS',1,6005,'訪問基本料','973517','2','1',8000,'2020/2/5','2999/12/31','123456',6000,6000,6400,6800,0,0,1,8000,0,0,1,'メーカー商品コード1','2019/11/26','2019/11/27','2019/11/28',6000,'SB','1','1',null,null,1,'1',null,'1',null);

-- ▼違約金発生無し 契約ID：1 起算日区分：1 サービス開始日：2020/01/01 解約予定日：2020/12/31
INSERT INTO contract (id,created_at,created_user_id,updated_at,updated_user_id,version,contract_type,product_grp_master_id,lifecycle_status,workflow_status,immutable_cont_ident_number,case_number,case_title,contract_number,contract_branch_number,contract_title,origin_contract_number,origin_contract_branch_number,origin_contract_id,change_preferred_date,contract_date,account_sales_flg,billing_date,service_term_start,service_term_end,cancel_scheduled_date,estimation_number,estimation_branch_number,estimation_id,estimation_title,commercial_flow_div,issue_format,billing_customer_sp_code,billing_customer_sp_name,payment_terms,payment_method,extends_parameter,cancel_reason,cancel_reason_etc,web_order_number,rj_manage_number,billing_start_date,app_id,manual_update_flg) VALUES (1,'2018/09/19 12:09:10','COTOS','2018/09/19 12:09:10','COTOS',1,'1',1020,'1','1',null,null,null,'dummy_1',1,null,null,null,null,null,null,0,null,'2020/01/01',null,'2020/12/12','dummy_1',1,1,null,'3',null,null,null,null,null,null,null,null,null,'RJ001',null,'cotos_dev',0);
INSERT INTO product_contract (id,created_at,created_user_id,updated_at,updated_user_id,version,product_master_id,product_contract_name,rep_item_master_id,service_ident_number,contract_id,extends_parameter) VALUES (101,'2018/09/19 12:09:10','COTOS','2018/09/19 12:09:10','COTOS',1,6005,'Merakiスマートサービス',0,'dummy_101',1,null);
INSERT INTO contract_detail (id,created_at,created_user_id,updated_at,updated_user_id,version,contract_id,state,quantity,amount_summary,detail_abstract,extends_parameter,unit_price,contract_span) VALUES (101,'2018/09/19 12:09:10','COTOS','2018/09/19 12:09:10','COTOS',1,1,'1',1,845,null,null,632,'12');
INSERT INTO contract_detail (id,created_at,created_user_id,updated_at,updated_user_id,version,contract_id,state,quantity,amount_summary,detail_abstract,extends_parameter,unit_price,contract_span) VALUES (102,'2018/09/19 12:09:10','COTOS','2018/09/19 12:09:10','COTOS',1,1,'1',2,845,null,null,633,'11');
INSERT INTO contract_detail (id,created_at,created_user_id,updated_at,updated_user_id,version,contract_id,state,quantity,amount_summary,detail_abstract,extends_parameter,unit_price,contract_span) VALUES (103,'2018/09/19 12:09:10','COTOS','2018/09/19 12:09:10','COTOS',1,1,'1',5,845,null,null,633,'11');
--違約金有無フラグ=「0：無し」
INSERT INTO item_contract (id,created_at,created_user_id,updated_at,updated_user_id,version,item_master_id,product_master_id,item_contract_name,ricoh_item_code,item_type,cost_type,partition_price,contract_detail_id,rj_dividing_price,mother_store_price) VALUES (101,'2018/09/19 12:09:10','COTOS','2018/09/19 12:09:10','COTOS',1,16125,6005,'MR20','973422','1','2',845,101,633,632);
--違約金有無フラグ=「1：有り」、違約金起算日区分 = 「1:サービス開始日」
INSERT INTO item_contract (id,created_at,created_user_id,updated_at,updated_user_id,version,item_master_id,product_master_id,item_contract_name,ricoh_item_code,item_type,cost_type,partition_price,contract_detail_id,rj_dividing_price,mother_store_price) VALUES (102,'2018/09/19 12:09:10','COTOS','2018/09/19 12:09:10','COTOS',1,16126,6005,'ワイヤレスプラン ライトモデル20','973423','1','2',845,102,632,633);
--違約金有無フラグ=「NULL（設定無し）」
INSERT INTO item_contract (id,created_at,created_user_id,updated_at,updated_user_id,version,item_master_id,product_master_id,item_contract_name,ricoh_item_code,item_type,cost_type,partition_price,contract_detail_id,rj_dividing_price,mother_store_price) VALUES (103,'2018/09/19 12:09:10','COTOS','2018/09/19 12:09:10','COTOS',1,16220,6005,'訪問基本料','973517','1','2',845,103,632,633);

-- ▼違約金発生有り 契約ID：2 起算日区分：1 サービス開始日：2020/02/01 解約予定日：2020/12/31
INSERT INTO contract (id,created_at,created_user_id,updated_at,updated_user_id,version,contract_type,product_grp_master_id,lifecycle_status,workflow_status,immutable_cont_ident_number,case_number,case_title,contract_number,contract_branch_number,contract_title,origin_contract_number,origin_contract_branch_number,origin_contract_id,change_preferred_date,contract_date,account_sales_flg,billing_date,service_term_start,service_term_end,cancel_scheduled_date,estimation_number,estimation_branch_number,estimation_id,estimation_title,commercial_flow_div,issue_format,billing_customer_sp_code,billing_customer_sp_name,payment_terms,payment_method,extends_parameter,cancel_reason,cancel_reason_etc,web_order_number,rj_manage_number,billing_start_date,app_id,manual_update_flg) VALUES (2,'2018/09/19 12:09:10','COTOS','2018/09/19 12:09:10','COTOS',1,'1',1020,'1','1',null,null,null,'dummy_2',1,null,null,null,null,null,null,0,null,'2020/02/01',null,'2020/12/12','dummy_2',1,1,null,'3',null,null,null,null,null,null,null,null,null,'RJ001',null,'cotos_dev',0);
INSERT INTO product_contract (id,created_at,created_user_id,updated_at,updated_user_id,version,product_master_id,product_contract_name,rep_item_master_id,service_ident_number,contract_id,extends_parameter) VALUES (102,'2018/09/19 12:09:10','COTOS','2018/09/19 12:09:10','COTOS',1,6005,'Merakiスマートサービス',0,'dummy_101',2,null);
INSERT INTO contract_detail (id,created_at,created_user_id,updated_at,updated_user_id,version,contract_id,state,quantity,amount_summary,detail_abstract,extends_parameter,unit_price,contract_span) VALUES (111,'2018/09/19 12:09:10','COTOS','2018/09/19 12:09:10','COTOS',1,2,'1',1,845,null,null,632,'12');
INSERT INTO contract_detail (id,created_at,created_user_id,updated_at,updated_user_id,version,contract_id,state,quantity,amount_summary,detail_abstract,extends_parameter,unit_price,contract_span) VALUES (112,'2018/09/19 12:09:10','COTOS','2018/09/19 12:09:10','COTOS',1,2,'1',2,845,null,null,633,'11');
INSERT INTO contract_detail (id,created_at,created_user_id,updated_at,updated_user_id,version,contract_id,state,quantity,amount_summary,detail_abstract,extends_parameter,unit_price,contract_span) VALUES (113,'2018/09/19 12:09:10','COTOS','2018/09/19 12:09:10','COTOS',1,2,'1',5,845,null,null,633,'11');
--違約金有無フラグ=「0：無し」
INSERT INTO item_contract (id,created_at,created_user_id,updated_at,updated_user_id,version,item_master_id,product_master_id,item_contract_name,ricoh_item_code,item_type,cost_type,partition_price,contract_detail_id,rj_dividing_price,mother_store_price) VALUES (111,'2018/09/19 12:09:10','COTOS','2018/09/19 12:09:10','COTOS',1,16125,6005,'MR20','973422','1','2',845,111,633,632);
--違約金有無フラグ=「1：有り」、違約金起算日区分 = 「1:サービス開始日」
INSERT INTO item_contract (id,created_at,created_user_id,updated_at,updated_user_id,version,item_master_id,product_master_id,item_contract_name,ricoh_item_code,item_type,cost_type,partition_price,contract_detail_id,rj_dividing_price,mother_store_price) VALUES (112,'2018/09/19 12:09:10','COTOS','2018/09/19 12:09:10','COTOS',1,16126,6005,'ワイヤレスプラン ライトモデル20','973423','1','2',845,112,632,633);
--違約金有無フラグ=「NULL（設定無し）」
INSERT INTO item_contract (id,created_at,created_user_id,updated_at,updated_user_id,version,item_master_id,product_master_id,item_contract_name,ricoh_item_code,item_type,cost_type,partition_price,contract_detail_id,rj_dividing_price,mother_store_price) VALUES (113,'2018/09/19 12:09:10','COTOS','2018/09/19 12:09:10','COTOS',1,16220,6005,'訪問基本料','973517','1','2',845,113,632,633);

-- ▼違約金発生無し 契約ID：3 起算日区分：2 サービス開始日：2019/12/01 解約予定日：2020/12/31
INSERT INTO contract (id,created_at,created_user_id,updated_at,updated_user_id,version,contract_type,product_grp_master_id,lifecycle_status,workflow_status,immutable_cont_ident_number,case_number,case_title,contract_number,contract_branch_number,contract_title,origin_contract_number,origin_contract_branch_number,origin_contract_id,change_preferred_date,contract_date,account_sales_flg,billing_date,service_term_start,service_term_end,cancel_scheduled_date,estimation_number,estimation_branch_number,estimation_id,estimation_title,commercial_flow_div,issue_format,billing_customer_sp_code,billing_customer_sp_name,payment_terms,payment_method,extends_parameter,cancel_reason,cancel_reason_etc,web_order_number,rj_manage_number,billing_start_date,app_id,manual_update_flg) VALUES (3,'2018/09/19 12:09:10','COTOS','2018/09/19 12:09:10','COTOS',1,'1',1020,'1','1',null,null,null,'dummy_3',1,null,null,null,null,null,null,0,null,'2019/12/01',null,'2020/12/12','dummy_3',1,1,null,'3',null,null,null,null,null,null,null,null,null,'RJ001',null,'cotos_dev',0);
INSERT INTO product_contract (id,created_at,created_user_id,updated_at,updated_user_id,version,product_master_id,product_contract_name,rep_item_master_id,service_ident_number,contract_id,extends_parameter) VALUES (103,'2018/09/19 12:09:10','COTOS','2018/09/19 12:09:10','COTOS',1,6005,'Merakiスマートサービス',0,'dummy_101',3,null);
INSERT INTO contract_detail (id,created_at,created_user_id,updated_at,updated_user_id,version,contract_id,state,quantity,amount_summary,detail_abstract,extends_parameter,unit_price,contract_span) VALUES (104,'2018/09/19 12:09:10','COTOS','2018/09/19 12:09:10','COTOS',1,3,'1',1,845,null,null,632,'12');
INSERT INTO contract_detail (id,created_at,created_user_id,updated_at,updated_user_id,version,contract_id,state,quantity,amount_summary,detail_abstract,extends_parameter,unit_price,contract_span) VALUES (105,'2018/09/19 12:09:10','COTOS','2018/09/19 12:09:10','COTOS',1,3,'1',2,845,null,null,633,'11');
INSERT INTO contract_detail (id,created_at,created_user_id,updated_at,updated_user_id,version,contract_id,state,quantity,amount_summary,detail_abstract,extends_parameter,unit_price,contract_span) VALUES (106,'2018/09/19 12:09:10','COTOS','2018/09/19 12:09:10','COTOS',1,3,'1',5,845,null,null,633,'11');
--違約金有無フラグ=「0：無し」
INSERT INTO item_contract (id,created_at,created_user_id,updated_at,updated_user_id,version,item_master_id,product_master_id,item_contract_name,ricoh_item_code,item_type,cost_type,partition_price,contract_detail_id,rj_dividing_price,mother_store_price) VALUES (104,'2018/09/19 12:09:10','COTOS','2018/09/19 12:09:10','COTOS',1,16147,6005,'MX67','973444','1','2',845,104,633,632);
--違約金有無フラグ=「1：有り」、違約金起算日区分 = 「2:サービス開始翌月1日」
INSERT INTO item_contract (id,created_at,created_user_id,updated_at,updated_user_id,version,item_master_id,product_master_id,item_contract_name,ricoh_item_code,item_type,cost_type,partition_price,contract_detail_id,rj_dividing_price,mother_store_price) VALUES (105,'2018/09/19 12:09:10','COTOS','2018/09/19 12:09:10','COTOS',1,16148,6005,'UTMプラン スタンダードモデル67','973445','1','2',845,105,632,633);
--違約金有無フラグ=「NULL（設定無し）」
INSERT INTO item_contract (id,created_at,created_user_id,updated_at,updated_user_id,version,item_master_id,product_master_id,item_contract_name,ricoh_item_code,item_type,cost_type,partition_price,contract_detail_id,rj_dividing_price,mother_store_price) VALUES (106,'2018/09/19 12:09:10','COTOS','2018/09/19 12:09:10','COTOS',1,16220,6005,'訪問基本料','973517','1','2',845,106,632,633);

-- ▼違約金発生有り 契約ID：4 起算日区分：2 サービス開始日：2020/01/01 解約予定日：2020/12/31
INSERT INTO contract (id,created_at,created_user_id,updated_at,updated_user_id,version,contract_type,product_grp_master_id,lifecycle_status,workflow_status,immutable_cont_ident_number,case_number,case_title,contract_number,contract_branch_number,contract_title,origin_contract_number,origin_contract_branch_number,origin_contract_id,change_preferred_date,contract_date,account_sales_flg,billing_date,service_term_start,service_term_end,cancel_scheduled_date,estimation_number,estimation_branch_number,estimation_id,estimation_title,commercial_flow_div,issue_format,billing_customer_sp_code,billing_customer_sp_name,payment_terms,payment_method,extends_parameter,cancel_reason,cancel_reason_etc,web_order_number,rj_manage_number,billing_start_date,app_id,manual_update_flg) VALUES (4,'2018/09/19 12:09:10','COTOS','2018/09/19 12:09:10','COTOS',1,'1',1020,'1','1',null,null,null,'dummy_4',1,null,null,null,null,null,null,0,null,'2020/01/01',null,'2020/12/12','dummy_4',1,1,null,'3',null,null,null,null,null,null,null,null,null,'RJ001',null,'cotos_dev',0);
INSERT INTO product_contract (id,created_at,created_user_id,updated_at,updated_user_id,version,product_master_id,product_contract_name,rep_item_master_id,service_ident_number,contract_id,extends_parameter) VALUES (104,'2018/09/19 12:09:10','COTOS','2018/09/19 12:09:10','COTOS',1,6005,'Merakiスマートサービス',0,'dummy_101',4,null);
INSERT INTO contract_detail (id,created_at,created_user_id,updated_at,updated_user_id,version,contract_id,state,quantity,amount_summary,detail_abstract,extends_parameter,unit_price,contract_span) VALUES (114,'2018/09/19 12:09:10','COTOS','2018/09/19 12:09:10','COTOS',1,4,'1',1,845,null,null,632,'12');
INSERT INTO contract_detail (id,created_at,created_user_id,updated_at,updated_user_id,version,contract_id,state,quantity,amount_summary,detail_abstract,extends_parameter,unit_price,contract_span) VALUES (115,'2018/09/19 12:09:10','COTOS','2018/09/19 12:09:10','COTOS',1,4,'1',2,845,null,null,633,'11');
INSERT INTO contract_detail (id,created_at,created_user_id,updated_at,updated_user_id,version,contract_id,state,quantity,amount_summary,detail_abstract,extends_parameter,unit_price,contract_span) VALUES (116,'2018/09/19 12:09:10','COTOS','2018/09/19 12:09:10','COTOS',1,4,'1',5,845,null,null,633,'11');
--違約金有無フラグ=「0：無し」
INSERT INTO item_contract (id,created_at,created_user_id,updated_at,updated_user_id,version,item_master_id,product_master_id,item_contract_name,ricoh_item_code,item_type,cost_type,partition_price,contract_detail_id,rj_dividing_price,mother_store_price) VALUES (114,'2018/09/19 12:09:10','COTOS','2018/09/19 12:09:10','COTOS',1,16147,6005,'MX67','973444','1','2',845,114,633,632);
--違約金有無フラグ=「1：有り」、違約金起算日区分 = 「2:サービス開始翌月1日」
INSERT INTO item_contract (id,created_at,created_user_id,updated_at,updated_user_id,version,item_master_id,product_master_id,item_contract_name,ricoh_item_code,item_type,cost_type,partition_price,contract_detail_id,rj_dividing_price,mother_store_price) VALUES (115,'2018/09/19 12:09:10','COTOS','2018/09/19 12:09:10','COTOS',1,16148,6005,'UTMプラン スタンダードモデル67','973445','1','2',845,115,632,633);
--違約金有無フラグ=「NULL（設定無し）」
INSERT INTO item_contract (id,created_at,created_user_id,updated_at,updated_user_id,version,item_master_id,product_master_id,item_contract_name,ricoh_item_code,item_type,cost_type,partition_price,contract_detail_id,rj_dividing_price,mother_store_price) VALUES (116,'2018/09/19 12:09:10','COTOS','2018/09/19 12:09:10','COTOS',1,16220,6005,'訪問基本料','973517','1','2',845,116,632,633);


--見積
-- ▼違約金発生無し 変更元契約ID：7 起算日区分：1 サービス開始日：システム日付-11か月 システム日付：2020/12 想定
INSERT INTO estimation (id,created_at,created_user_id,updated_at,updated_user_id,version,product_grp_master_id,lifecycle_status,workflow_status,immutable_cont_ident_number,case_number,case_title,estimation_number,estimation_branch_number,estimation_title,estimation_type,estimated_system_div,origin_contract_number,origin_contract_branch_number,origin_contract_id,commercial_flow_div,issue_format,issue_estimation_title,issue_customer_corp_name,estimation_limit,cover_company_name,cover_title,cover_estimation_subject,cover_payment_terms,cover_delivery_date,cover_expiration_date,cover_remarks,cover_presentation_date,publish_company,publish_department,publish_post_number,publish_address,publish_tel,publish_fax,publish_employee,sp_price_apply_reason,sp_price_apply_reason_text,main_competitor_name,competition_info,competition_contract_div,competition_amount,extends_parameter,app_id) VALUES (1,'2018/09/19 12:09:10','COTOS','2018/09/19 12:09:10','COTOS',1,1,'1','1','1','1','違約金発生無し起算日区分：1','dummy_1',1,'違約金発生無し起算日区分：1','2','1','dummy_7',1,7,'1','1','違約金発生無し起算日区分：1','帳票用顧客企業名','2018/10/1','鑑用企業名','さま','鑑用見積件名','鑑用支払条件','2018/10/1','2018/11/1','備考','2018/11/1','発行元会社名','発行元所属','210-xxxx','発行元住所','xx-xxxx-xxxx','xx-xxxx-xxxx','発行元担当者名','特価希望理由','特価希望理由テキスト','主競合先名称','競合情報','競合先契約種別',100,'拡張項目','cotos_dev');
-- 変更元契約
INSERT INTO contract (id,created_at,created_user_id,updated_at,updated_user_id,version,contract_type,product_grp_master_id,lifecycle_status,workflow_status,immutable_cont_ident_number,case_number,case_title,contract_number,contract_branch_number,contract_title,origin_contract_number,origin_contract_branch_number,origin_contract_id,change_preferred_date,contract_date,account_sales_flg,billing_date,service_term_start,service_term_end,cancel_scheduled_date,estimation_number,estimation_branch_number,estimation_id,estimation_title,commercial_flow_div,issue_format,billing_customer_sp_code,billing_customer_sp_name,payment_terms,payment_method,extends_parameter,cancel_reason,cancel_reason_etc,web_order_number,rj_manage_number,billing_start_date,app_id,manual_update_flg) VALUES (7,'2018/09/19 12:09:10','COTOS','2018/09/19 12:09:10','COTOS',1,'1',1020,'1','1',null,null,null,'dummy_7',1,null,null,null,null,null,null,0,null,ADD_MONTHS(SYSDATE, -11),null,'2020/12/12','dummy_7',1,1,null,'3',null,null,null,null,null,null,null,null,null,'RJ001',null,'cotos_dev',0);

-- ▼違約金発生有り 変更元契約ID：8 起算日区分：1 サービス開始日：システム日付-10か月 システム日付：2020/12 想定
INSERT INTO estimation (id,created_at,created_user_id,updated_at,updated_user_id,version,product_grp_master_id,lifecycle_status,workflow_status,immutable_cont_ident_number,case_number,case_title,estimation_number,estimation_branch_number,estimation_title,estimation_type,estimated_system_div,origin_contract_number,origin_contract_branch_number,origin_contract_id,commercial_flow_div,issue_format,issue_estimation_title,issue_customer_corp_name,estimation_limit,cover_company_name,cover_title,cover_estimation_subject,cover_payment_terms,cover_delivery_date,cover_expiration_date,cover_remarks,cover_presentation_date,publish_company,publish_department,publish_post_number,publish_address,publish_tel,publish_fax,publish_employee,sp_price_apply_reason,sp_price_apply_reason_text,main_competitor_name,competition_info,competition_contract_div,competition_amount,extends_parameter,app_id) VALUES (2,'2018/09/19 12:09:10','COTOS','2018/09/19 12:09:10','COTOS',1,1,'1','1','1','1','違約金発生有り起算日区分：1','dummy_2',1,'違約金発生無し起算日区分：1','2','1','dummy_8',1,8,'1','1','違約金発生有り起算日区分：1','帳票用顧客企業名','2018/10/1','鑑用企業名','さま','鑑用見積件名','鑑用支払条件','2018/10/1','2018/11/1','備考','2018/11/1','発行元会社名','発行元所属','210-xxxx','発行元住所','xx-xxxx-xxxx','xx-xxxx-xxxx','発行元担当者名','特価希望理由','特価希望理由テキスト','主競合先名称','競合情報','競合先契約種別',100,'拡張項目','cotos_dev');
-- 変更元契約
INSERT INTO contract (id,created_at,created_user_id,updated_at,updated_user_id,version,contract_type,product_grp_master_id,lifecycle_status,workflow_status,immutable_cont_ident_number,case_number,case_title,contract_number,contract_branch_number,contract_title,origin_contract_number,origin_contract_branch_number,origin_contract_id,change_preferred_date,contract_date,account_sales_flg,billing_date,service_term_start,service_term_end,cancel_scheduled_date,estimation_number,estimation_branch_number,estimation_id,estimation_title,commercial_flow_div,issue_format,billing_customer_sp_code,billing_customer_sp_name,payment_terms,payment_method,extends_parameter,cancel_reason,cancel_reason_etc,web_order_number,rj_manage_number,billing_start_date,app_id,manual_update_flg) VALUES (8,'2018/09/19 12:09:10','COTOS','2018/09/19 12:09:10','COTOS',1,'1',1020,'1','1',null,null,null,'dummy_8',1,null,null,null,null,null,null,0,null,ADD_MONTHS(SYSDATE, -10),null,'2020/12/12','dummy_8',1,1,null,'3',null,null,null,null,null,null,null,null,null,'RJ001',null,'cotos_dev',0);

-- ▼違約金発生無し 変更元契約ID：9 起算日区分：2 サービス開始日：システム日付-12か月 システム日付：2020/12 想定
INSERT INTO estimation (id,created_at,created_user_id,updated_at,updated_user_id,version,product_grp_master_id,lifecycle_status,workflow_status,immutable_cont_ident_number,case_number,case_title,estimation_number,estimation_branch_number,estimation_title,estimation_type,estimated_system_div,origin_contract_number,origin_contract_branch_number,origin_contract_id,commercial_flow_div,issue_format,issue_estimation_title,issue_customer_corp_name,estimation_limit,cover_company_name,cover_title,cover_estimation_subject,cover_payment_terms,cover_delivery_date,cover_expiration_date,cover_remarks,cover_presentation_date,publish_company,publish_department,publish_post_number,publish_address,publish_tel,publish_fax,publish_employee,sp_price_apply_reason,sp_price_apply_reason_text,main_competitor_name,competition_info,competition_contract_div,competition_amount,extends_parameter,app_id) VALUES (3,'2018/09/19 12:09:10','COTOS','2018/09/19 12:09:10','COTOS',1,1,'1','1','1','1','違約金発生無し起算日区分：2','dummy_3',1,'違約金発生無し起算日区分：2','2','1','dummy_9',1,9,'1','1','違約金発生無し起算日区分：2','帳票用顧客企業名','2018/10/1','鑑用企業名','さま','鑑用見積件名','鑑用支払条件','2018/10/1','2018/11/1','備考','2018/11/1','発行元会社名','発行元所属','210-xxxx','発行元住所','xx-xxxx-xxxx','xx-xxxx-xxxx','発行元担当者名','特価希望理由','特価希望理由テキスト','主競合先名称','競合情報','競合先契約種別',100,'拡張項目','cotos_dev');
-- 変更元契約
INSERT INTO contract (id,created_at,created_user_id,updated_at,updated_user_id,version,contract_type,product_grp_master_id,lifecycle_status,workflow_status,immutable_cont_ident_number,case_number,case_title,contract_number,contract_branch_number,contract_title,origin_contract_number,origin_contract_branch_number,origin_contract_id,change_preferred_date,contract_date,account_sales_flg,billing_date,service_term_start,service_term_end,cancel_scheduled_date,estimation_number,estimation_branch_number,estimation_id,estimation_title,commercial_flow_div,issue_format,billing_customer_sp_code,billing_customer_sp_name,payment_terms,payment_method,extends_parameter,cancel_reason,cancel_reason_etc,web_order_number,rj_manage_number,billing_start_date,app_id,manual_update_flg) VALUES (9,'2018/09/19 12:09:10','COTOS','2018/09/19 12:09:10','COTOS',1,'1',1020,'1','1',null,null,null,'dummy_9',1,null,null,null,null,null,null,0,null,ADD_MONTHS(SYSDATE, -12),null,'2020/12/12','dummy_9',1,1,null,'3',null,null,null,null,null,null,null,null,null,'RJ001',null,'cotos_dev',0);

-- ▼違約金発生有り 変更元契約ID：10 起算日区分：2 サービス開始日：システム日付-11か月 システム日付：2020/12 想定
INSERT INTO estimation (id,created_at,created_user_id,updated_at,updated_user_id,version,product_grp_master_id,lifecycle_status,workflow_status,immutable_cont_ident_number,case_number,case_title,estimation_number,estimation_branch_number,estimation_title,estimation_type,estimated_system_div,origin_contract_number,origin_contract_branch_number,origin_contract_id,commercial_flow_div,issue_format,issue_estimation_title,issue_customer_corp_name,estimation_limit,cover_company_name,cover_title,cover_estimation_subject,cover_payment_terms,cover_delivery_date,cover_expiration_date,cover_remarks,cover_presentation_date,publish_company,publish_department,publish_post_number,publish_address,publish_tel,publish_fax,publish_employee,sp_price_apply_reason,sp_price_apply_reason_text,main_competitor_name,competition_info,competition_contract_div,competition_amount,extends_parameter,app_id) VALUES (4,'2018/09/19 12:09:10','COTOS','2018/09/19 12:09:10','COTOS',1,1,'1','1','1','1','違約金発生有り起算日区分：2','dummy_4',1,'違約金発生有り起算日区分：2','2','1','dummy_10',1,10,'1','1','違約金発生有り起算日区分：2','帳票用顧客企業名','2018/10/1','鑑用企業名','さま','鑑用見積件名','鑑用支払条件','2018/10/1','2018/11/1','備考','2018/11/1','発行元会社名','発行元所属','210-xxxx','発行元住所','xx-xxxx-xxxx','xx-xxxx-xxxx','発行元担当者名','特価希望理由','特価希望理由テキスト','主競合先名称','競合情報','競合先契約種別',100,'拡張項目','cotos_dev');
-- 変更元契約
INSERT INTO contract (id,created_at,created_user_id,updated_at,updated_user_id,version,contract_type,product_grp_master_id,lifecycle_status,workflow_status,immutable_cont_ident_number,case_number,case_title,contract_number,contract_branch_number,contract_title,origin_contract_number,origin_contract_branch_number,origin_contract_id,change_preferred_date,contract_date,account_sales_flg,billing_date,service_term_start,service_term_end,cancel_scheduled_date,estimation_number,estimation_branch_number,estimation_id,estimation_title,commercial_flow_div,issue_format,billing_customer_sp_code,billing_customer_sp_name,payment_terms,payment_method,extends_parameter,cancel_reason,cancel_reason_etc,web_order_number,rj_manage_number,billing_start_date,app_id,manual_update_flg) VALUES (10,'2018/09/19 12:09:10','COTOS','2018/09/19 12:09:10','COTOS',1,'1',1020,'1','1',null,null,null,'dummy_10',1,null,null,null,null,null,null,0,null,ADD_MONTHS(SYSDATE, -11),null,'2020/12/12','dummy_10',1,1,null,'3',null,null,null,null,null,null,null,null,null,'RJ001',null,'cotos_dev',0);

-- ▼その他正常系 契約 解約日がNULL
INSERT INTO contract (id,created_at,created_user_id,updated_at,updated_user_id,version,contract_type,product_grp_master_id,lifecycle_status,workflow_status,immutable_cont_ident_number,case_number,case_title,contract_number,contract_branch_number,contract_title,origin_contract_number,origin_contract_branch_number,origin_contract_id,change_preferred_date,contract_date,account_sales_flg,billing_date,service_term_start,service_term_end,cancel_scheduled_date,estimation_number,estimation_branch_number,estimation_id,estimation_title,commercial_flow_div,issue_format,billing_customer_sp_code,billing_customer_sp_name,payment_terms,payment_method,extends_parameter,cancel_reason,cancel_reason_etc,web_order_number,rj_manage_number,billing_start_date,app_id,manual_update_flg) VALUES (5,'2018/09/19 12:09:10','COTOS','2018/09/19 12:09:10','COTOS',1,'1',1020,'1','1',null,null,null,'dummy_5',1,null,null,null,null,null,null,0,null,'2020/01/01',null,null,'dummy_5',1,1,null,'3',null,null,null,null,null,null,null,null,null,'RJ001',null,'cotos_dev',0);

-- ▼その他正常系 契約 サービス開始日がNULL
INSERT INTO contract (id,created_at,created_user_id,updated_at,updated_user_id,version,contract_type,product_grp_master_id,lifecycle_status,workflow_status,immutable_cont_ident_number,case_number,case_title,contract_number,contract_branch_number,contract_title,origin_contract_number,origin_contract_branch_number,origin_contract_id,change_preferred_date,contract_date,account_sales_flg,billing_date,service_term_start,service_term_end,cancel_scheduled_date,estimation_number,estimation_branch_number,estimation_id,estimation_title,commercial_flow_div,issue_format,billing_customer_sp_code,billing_customer_sp_name,payment_terms,payment_method,extends_parameter,cancel_reason,cancel_reason_etc,web_order_number,rj_manage_number,billing_start_date,app_id,manual_update_flg) VALUES (6,'2018/09/19 12:09:10','COTOS','2018/09/19 12:09:10','COTOS',1,'1',1020,'1','1',null,null,null,'dummy_6',1,null,null,null,null,null,null,0,null,null,null,null,'dummy_6',1,1,null,'3',null,null,null,null,null,null,null,null,null,'RJ001',null,'cotos_dev',0);


-- ▼異常系 見積
-- 見積種別が新規
INSERT INTO estimation (id,created_at,created_user_id,updated_at,updated_user_id,version,product_grp_master_id,lifecycle_status,workflow_status,immutable_cont_ident_number,case_number,case_title,estimation_number,estimation_branch_number,estimation_title,estimation_type,estimated_system_div,origin_contract_number,origin_contract_branch_number,origin_contract_id,commercial_flow_div,issue_format,issue_estimation_title,issue_customer_corp_name,estimation_limit,cover_company_name,cover_title,cover_estimation_subject,cover_payment_terms,cover_delivery_date,cover_expiration_date,cover_remarks,cover_presentation_date,publish_company,publish_department,publish_post_number,publish_address,publish_tel,publish_fax,publish_employee,sp_price_apply_reason,sp_price_apply_reason_text,main_competitor_name,competition_info,competition_contract_div,competition_amount,extends_parameter,app_id) VALUES (5,'2018/09/19 12:09:10','COTOS','2018/09/19 12:09:10','COTOS',1,1,'1','1','1','1','異常系_見積種別が新規','dummy_5',1,'異常系_見積種別が新規','1','1',null,null,null,'1','1','異常系_見積種別が新規','帳票用顧客企業名','2018/10/1','鑑用企業名','さま','鑑用見積件名','鑑用支払条件','2018/10/1','2018/11/1','備考','2018/11/1','発行元会社名','発行元所属','210-xxxx','発行元住所','xx-xxxx-xxxx','xx-xxxx-xxxx','発行元担当者名','特価希望理由','特価希望理由テキスト','主競合先名称','競合情報','競合先契約種別',100,'拡張項目','cotos_dev');

-- 変更元契約IDがNULL
INSERT INTO estimation (id,created_at,created_user_id,updated_at,updated_user_id,version,product_grp_master_id,lifecycle_status,workflow_status,immutable_cont_ident_number,case_number,case_title,estimation_number,estimation_branch_number,estimation_title,estimation_type,estimated_system_div,origin_contract_number,origin_contract_branch_number,origin_contract_id,commercial_flow_div,issue_format,issue_estimation_title,issue_customer_corp_name,estimation_limit,cover_company_name,cover_title,cover_estimation_subject,cover_payment_terms,cover_delivery_date,cover_expiration_date,cover_remarks,cover_presentation_date,publish_company,publish_department,publish_post_number,publish_address,publish_tel,publish_fax,publish_employee,sp_price_apply_reason,sp_price_apply_reason_text,main_competitor_name,competition_info,competition_contract_div,competition_amount,extends_parameter,app_id) VALUES (6,'2018/09/19 12:09:10','COTOS','2018/09/19 12:09:10','COTOS',1,1,'1','1','1','1','異常系_変更元契約IDがNULL','dummy_6',1,'異常系_変更元契約IDがNULL','2','1','dummy_6',1,null,'1','1','異常系_変更元契約IDがNULL','帳票用顧客企業名','2018/10/1','鑑用企業名','さま','鑑用見積件名','鑑用支払条件','2018/10/1','2018/11/1','備考','2018/11/1','発行元会社名','発行元所属','210-xxxx','発行元住所','xx-xxxx-xxxx','xx-xxxx-xxxx','発行元担当者名','特価希望理由','特価希望理由テキスト','主競合先名称','競合情報','競合先契約種別',100,'拡張項目','cotos_dev');

-- 変更元契約情報が取得できない
INSERT INTO estimation (id,created_at,created_user_id,updated_at,updated_user_id,version,product_grp_master_id,lifecycle_status,workflow_status,immutable_cont_ident_number,case_number,case_title,estimation_number,estimation_branch_number,estimation_title,estimation_type,estimated_system_div,origin_contract_number,origin_contract_branch_number,origin_contract_id,commercial_flow_div,issue_format,issue_estimation_title,issue_customer_corp_name,estimation_limit,cover_company_name,cover_title,cover_estimation_subject,cover_payment_terms,cover_delivery_date,cover_expiration_date,cover_remarks,cover_presentation_date,publish_company,publish_department,publish_post_number,publish_address,publish_tel,publish_fax,publish_employee,sp_price_apply_reason,sp_price_apply_reason_text,main_competitor_name,competition_info,competition_contract_div,competition_amount,extends_parameter,app_id) VALUES (7,'2018/09/19 12:09:10','COTOS','2018/09/19 12:09:10','COTOS',1,1,'1','1','1','1','異常系_変更元契約情報が取得できない','dummy_7',1,'異常系_変更元契約情報が取得できない','2','1','dummy_7',1,100,'1','1','異常系_変更元契約情報が取得できない','帳票用顧客企業名','2018/10/1','鑑用企業名','さま','鑑用見積件名','鑑用支払条件','2018/10/1','2018/11/1','備考','2018/11/1','発行元会社名','発行元所属','210-xxxx','発行元住所','xx-xxxx-xxxx','xx-xxxx-xxxx','発行元担当者名','特価希望理由','特価希望理由テキスト','主競合先名称','競合情報','競合先契約種別',100,'拡張項目','cotos_dev');