INSERT INTO contract (id,created_at,created_user_id,updated_at,updated_user_id,version,contract_type,product_grp_master_id,lifecycle_status,workflow_status,immutable_cont_ident_number,case_number,case_title,contract_number,contract_branch_number,contract_title,origin_contract_number,origin_contract_branch_number,origin_contract_id,change_preferred_date,contract_date,account_sales_flg,billing_date,service_term_start,service_term_end,cancel_scheduled_date,estimation_number,estimation_branch_number,estimation_id,estimation_title,commercial_flow_div,issue_format,billing_customer_sp_code,billing_customer_sp_name,payment_terms,payment_method,extends_parameter,cancel_reason,cancel_reason_etc,web_order_number,rj_manage_number,billing_start_date,app_id) VALUES (1001,'2019/12/03','COTOS','2019/12/03','COTOS',1,'1',1020,'6','7','CIC-RJXXX0000000001',null,null,'dummy2',1,null,null,null,null,null,'2019/12/02',0,null,null,null,null,'dummy2',2,1001,null,null,null,null,null,null,null,null,null,null,null,'RJXXX0000000001',null,'cotos_dev');
INSERT INTO contract (id,created_at,created_user_id,updated_at,updated_user_id,version,contract_type,product_grp_master_id,lifecycle_status,workflow_status,immutable_cont_ident_number,case_number,case_title,contract_number,contract_branch_number,contract_title,origin_contract_number,origin_contract_branch_number,origin_contract_id,change_preferred_date,contract_date,account_sales_flg,billing_date,service_term_start,service_term_end,cancel_scheduled_date,estimation_number,estimation_branch_number,estimation_id,estimation_title,commercial_flow_div,issue_format,billing_customer_sp_code,billing_customer_sp_name,payment_terms,payment_method,extends_parameter,cancel_reason,cancel_reason_etc,web_order_number,rj_manage_number,billing_start_date,app_id) VALUES (2001,'2019/12/03','COTOS','2019/12/03','COTOS',1,'1',1020,'7','8','CIC-RJXXX0000000002',null,null,'dummy3',1,null,null,null,null,null,'2019/12/02',0,null,null,null,null,'dummy3',3,2001,null,null,null,null,null,null,null,null,null,null,null,'RJXXX0000000002',null,'cotos_dev');
INSERT INTO contract (id,created_at,created_user_id,updated_at,updated_user_id,version,contract_type,product_grp_master_id,lifecycle_status,workflow_status,immutable_cont_ident_number,case_number,case_title,contract_number,contract_branch_number,contract_title,origin_contract_number,origin_contract_branch_number,origin_contract_id,change_preferred_date,contract_date,account_sales_flg,billing_date,service_term_start,service_term_end,cancel_scheduled_date,estimation_number,estimation_branch_number,estimation_id,estimation_title,commercial_flow_div,issue_format,billing_customer_sp_code,billing_customer_sp_name,payment_terms,payment_method,extends_parameter,cancel_reason,cancel_reason_etc,web_order_number,rj_manage_number,billing_start_date,app_id) VALUES (3001,'2019/12/03','COTOS','2019/12/03','COTOS',1,'1',1020,'8','3','CIC-RJXXX0000000003',null,null,'dummy4',1,null,null,null,null,null,'2019/12/02',0,null,null,null,null,'dummy4',4,3001,null,null,null,null,null,null,null,null,null,null,null,'RJXXX0000000003',null,'cotos_dev');
INSERT INTO contract (id,created_at,created_user_id,updated_at,updated_user_id,version,contract_type,product_grp_master_id,lifecycle_status,workflow_status,immutable_cont_ident_number,case_number,case_title,contract_number,contract_branch_number,contract_title,origin_contract_number,origin_contract_branch_number,origin_contract_id,change_preferred_date,contract_date,account_sales_flg,billing_date,service_term_start,service_term_end,cancel_scheduled_date,estimation_number,estimation_branch_number,estimation_id,estimation_title,commercial_flow_div,issue_format,billing_customer_sp_code,billing_customer_sp_name,payment_terms,payment_method,extends_parameter,cancel_reason,cancel_reason_etc,web_order_number,rj_manage_number,billing_start_date,app_id) VALUES (6001,'2019/12/03','COTOS','2019/12/03','COTOS',1,'1',1020,'10','7','CIC-RJXXX0000000006',null,null,'dummy8',1,null,null,null,null,null,'2019/11/01',0,null,null,null,null,'dummy8',8,6001,null,null,null,null,null,null,null,null,null,null,null,'RJXXX0000000006',null,'cotos_dev');
INSERT INTO contract (id,created_at,created_user_id,updated_at,updated_user_id,version,contract_type,product_grp_master_id,lifecycle_status,workflow_status,immutable_cont_ident_number,case_number,case_title,contract_number,contract_branch_number,contract_title,origin_contract_number,origin_contract_branch_number,origin_contract_id,change_preferred_date,contract_date,account_sales_flg,billing_date,service_term_start,service_term_end,cancel_scheduled_date,estimation_number,estimation_branch_number,estimation_id,estimation_title,commercial_flow_div,issue_format,billing_customer_sp_code,billing_customer_sp_name,payment_terms,payment_method,extends_parameter,cancel_reason,cancel_reason_etc,web_order_number,rj_manage_number,billing_start_date,app_id) VALUES (6002,'2019/12/03','COTOS','2019/12/03','COTOS',1,'2',1020,'6','7','CIC-RJXXX0000000006',null,null,'dummy9',1,null,null,null,null,null,'2019/12/01',0,null,null,null,null,'dummy9',9,6002,null,null,null,null,null,null,null,null,null,null,null,'RJXXX0000000006',null,'cotos_dev');
INSERT INTO contract (id,created_at,created_user_id,updated_at,updated_user_id,version,contract_type,product_grp_master_id,lifecycle_status,workflow_status,immutable_cont_ident_number,case_number,case_title,contract_number,contract_branch_number,contract_title,origin_contract_number,origin_contract_branch_number,origin_contract_id,change_preferred_date,contract_date,account_sales_flg,billing_date,service_term_start,service_term_end,cancel_scheduled_date,estimation_number,estimation_branch_number,estimation_id,estimation_title,commercial_flow_div,issue_format,billing_customer_sp_code,billing_customer_sp_name,payment_terms,payment_method,extends_parameter,cancel_reason,cancel_reason_etc,web_order_number,rj_manage_number,billing_start_date,app_id) VALUES (7001,'2019/12/03','COTOS','2019/12/03','COTOS',1,'1',1020,'10','7','CIC-RJXXX0000000007',null,null,'dummy10',1,null,null,null,null,null,'2019/11/01',0,null,null,null,null,'dummy10',10,7001,null,null,null,null,null,null,null,null,null,null,null,'RJXXX0000000007',null,'cotos_dev');
INSERT INTO contract (id,created_at,created_user_id,updated_at,updated_user_id,version,contract_type,product_grp_master_id,lifecycle_status,workflow_status,immutable_cont_ident_number,case_number,case_title,contract_number,contract_branch_number,contract_title,origin_contract_number,origin_contract_branch_number,origin_contract_id,change_preferred_date,contract_date,account_sales_flg,billing_date,service_term_start,service_term_end,cancel_scheduled_date,estimation_number,estimation_branch_number,estimation_id,estimation_title,commercial_flow_div,issue_format,billing_customer_sp_code,billing_customer_sp_name,payment_terms,payment_method,extends_parameter,cancel_reason,cancel_reason_etc,web_order_number,rj_manage_number,billing_start_date,app_id) VALUES (7002,'2019/12/03','COTOS','2019/12/03','COTOS',1,'2',1020,'9','3','CIC-RJXXX0000000007',null,null,'dummy11',1,null,null,null,null,null,'2019/12/01',0,null,null,null,'2019/12/31','dummy11',11,7002,null,null,null,null,null,null,null,null,null,null,null,'RJXXX0000000007',null,'cotos_dev');
INSERT INTO contract (id,created_at,created_user_id,updated_at,updated_user_id,version,contract_type,product_grp_master_id,lifecycle_status,workflow_status,immutable_cont_ident_number,case_number,case_title,contract_number,contract_branch_number,contract_title,origin_contract_number,origin_contract_branch_number,origin_contract_id,change_preferred_date,contract_date,account_sales_flg,billing_date,service_term_start,service_term_end,cancel_scheduled_date,estimation_number,estimation_branch_number,estimation_id,estimation_title,commercial_flow_div,issue_format,billing_customer_sp_code,billing_customer_sp_name,payment_terms,payment_method,extends_parameter,cancel_reason,cancel_reason_etc,web_order_number,rj_manage_number,billing_start_date,app_id) VALUES (11001,'2019/12/03','COTOS','2019/12/03','COTOS',1,'1',1020,'10','7','CIC-RJXXX0000000011',null,null,'dummy18',1,null,null,null,null,null,'2019/11/01',0,null,null,null,null,'dummy18',18,11001,null,null,null,null,null,null,null,null,null,null,null,'RJXXX0000000011',null,'cotos_dev');
INSERT INTO contract (id,created_at,created_user_id,updated_at,updated_user_id,version,contract_type,product_grp_master_id,lifecycle_status,workflow_status,immutable_cont_ident_number,case_number,case_title,contract_number,contract_branch_number,contract_title,origin_contract_number,origin_contract_branch_number,origin_contract_id,change_preferred_date,contract_date,account_sales_flg,billing_date,service_term_start,service_term_end,cancel_scheduled_date,estimation_number,estimation_branch_number,estimation_id,estimation_title,commercial_flow_div,issue_format,billing_customer_sp_code,billing_customer_sp_name,payment_terms,payment_method,extends_parameter,cancel_reason,cancel_reason_etc,web_order_number,rj_manage_number,billing_start_date,app_id) VALUES (11002,'2019/12/03','COTOS','2019/12/03','COTOS',1,'2',1020,'6','7','CIC-RJXXX0000000011',null,null,'dummy19',1,null,null,null,null,null,'2019/12/01',0,null,null,null,null,'dummy19',19,11002,null,null,null,null,null,null,null,null,null,null,null,'RJXXX0000000011',null,'cotos_dev');
INSERT INTO contract (id,created_at,created_user_id,updated_at,updated_user_id,version,contract_type,product_grp_master_id,lifecycle_status,workflow_status,immutable_cont_ident_number,case_number,case_title,contract_number,contract_branch_number,contract_title,origin_contract_number,origin_contract_branch_number,origin_contract_id,change_preferred_date,contract_date,account_sales_flg,billing_date,service_term_start,service_term_end,cancel_scheduled_date,estimation_number,estimation_branch_number,estimation_id,estimation_title,commercial_flow_div,issue_format,billing_customer_sp_code,billing_customer_sp_name,payment_terms,payment_method,extends_parameter,cancel_reason,cancel_reason_etc,web_order_number,rj_manage_number,billing_start_date,app_id) VALUES (11003,'2019/12/03','COTOS','2019/12/03','COTOS',1,'2',1020,'1','1','CIC-RJXXX0000000011',null,null,'dummy20',1,null,null,null,null,null,null,0,null,null,null,null,'dummy20',20,11003,null,null,null,null,null,null,null,null,null,null,null,'RJXXX0000000011',null,'cotos_dev');
INSERT INTO contract (id,created_at,created_user_id,updated_at,updated_user_id,version,contract_type,product_grp_master_id,lifecycle_status,workflow_status,immutable_cont_ident_number,case_number,case_title,contract_number,contract_branch_number,contract_title,origin_contract_number,origin_contract_branch_number,origin_contract_id,change_preferred_date,contract_date,account_sales_flg,billing_date,service_term_start,service_term_end,cancel_scheduled_date,estimation_number,estimation_branch_number,estimation_id,estimation_title,commercial_flow_div,issue_format,billing_customer_sp_code,billing_customer_sp_name,payment_terms,payment_method,extends_parameter,cancel_reason,cancel_reason_etc,web_order_number,rj_manage_number,billing_start_date,app_id) VALUES (13001,'2019/12/03','COTOS','2019/12/03','COTOS',1,'1',1020,'10','7','CIC-RJXXX0000000013',null,null,'dummy24',1,null,null,null,null,null,'2019/11/01',0,null,null,null,null,'dummy24',24,13001,null,null,null,null,null,null,null,null,null,null,null,'RJXXX0000000013',null,'cotos_dev');
INSERT INTO contract (id,created_at,created_user_id,updated_at,updated_user_id,version,contract_type,product_grp_master_id,lifecycle_status,workflow_status,immutable_cont_ident_number,case_number,case_title,contract_number,contract_branch_number,contract_title,origin_contract_number,origin_contract_branch_number,origin_contract_id,change_preferred_date,contract_date,account_sales_flg,billing_date,service_term_start,service_term_end,cancel_scheduled_date,estimation_number,estimation_branch_number,estimation_id,estimation_title,commercial_flow_div,issue_format,billing_customer_sp_code,billing_customer_sp_name,payment_terms,payment_method,extends_parameter,cancel_reason,cancel_reason_etc,web_order_number,rj_manage_number,billing_start_date,app_id) VALUES (13002,'2019/12/03','COTOS','2019/12/03','COTOS',1,'2',1020,'10','7','CIC-RJXXX0000000013',null,null,'dummy25',1,null,null,null,null,null,'2019/12/01',0,null,null,null,null,'dummy25',25,13002,null,null,null,null,null,null,null,null,null,null,null,'RJXXX0000000013',null,'cotos_dev');
INSERT INTO contract (id,created_at,created_user_id,updated_at,updated_user_id,version,contract_type,product_grp_master_id,lifecycle_status,workflow_status,immutable_cont_ident_number,case_number,case_title,contract_number,contract_branch_number,contract_title,origin_contract_number,origin_contract_branch_number,origin_contract_id,change_preferred_date,contract_date,account_sales_flg,billing_date,service_term_start,service_term_end,cancel_scheduled_date,estimation_number,estimation_branch_number,estimation_id,estimation_title,commercial_flow_div,issue_format,billing_customer_sp_code,billing_customer_sp_name,payment_terms,payment_method,extends_parameter,cancel_reason,cancel_reason_etc,web_order_number,rj_manage_number,billing_start_date,app_id) VALUES (13003,'2019/12/03','COTOS','2019/12/03','COTOS',1,'2',1020,'9','3','CIC-RJXXX0000000013',null,null,'dummy26',1,null,null,null,null,null,'2020/01/01',0,null,null,null,'2020/01/31','dummy26',26,13003,null,null,null,null,null,null,null,null,null,null,null,'RJXXX0000000013',null,'cotos_dev');
INSERT INTO contract (id,created_at,created_user_id,updated_at,updated_user_id,version,contract_type,product_grp_master_id,lifecycle_status,workflow_status,immutable_cont_ident_number,case_number,case_title,contract_number,contract_branch_number,contract_title,origin_contract_number,origin_contract_branch_number,origin_contract_id,change_preferred_date,contract_date,account_sales_flg,billing_date,service_term_start,service_term_end,cancel_scheduled_date,estimation_number,estimation_branch_number,estimation_id,estimation_title,commercial_flow_div,issue_format,billing_customer_sp_code,billing_customer_sp_name,payment_terms,payment_method,extends_parameter,cancel_reason,cancel_reason_etc,web_order_number,rj_manage_number,billing_start_date,app_id) VALUES (14001,'2019/12/03','COTOS','2019/12/03','COTOS',1,'1',1020,'10','7','CIC-RJXXX0000000014',null,null,'dummy27',1,null,null,null,null,null,'2019/11/01',0,null,null,null,null,'dummy27',27,14001,null,null,null,null,null,null,null,null,null,null,null,'RJXXX0000000014',null,'cotos_dev');
INSERT INTO contract (id,created_at,created_user_id,updated_at,updated_user_id,version,contract_type,product_grp_master_id,lifecycle_status,workflow_status,immutable_cont_ident_number,case_number,case_title,contract_number,contract_branch_number,contract_title,origin_contract_number,origin_contract_branch_number,origin_contract_id,change_preferred_date,contract_date,account_sales_flg,billing_date,service_term_start,service_term_end,cancel_scheduled_date,estimation_number,estimation_branch_number,estimation_id,estimation_title,commercial_flow_div,issue_format,billing_customer_sp_code,billing_customer_sp_name,payment_terms,payment_method,extends_parameter,cancel_reason,cancel_reason_etc,web_order_number,rj_manage_number,billing_start_date,app_id) VALUES (14002,'2019/12/03','COTOS','2019/12/03','COTOS',1,'2',1020,'6','7','CIC-RJXXX0000000014',null,null,'dummy28',1,null,null,null,null,null,'2019/12/01',0,null,null,null,null,'dummy28',28,14002,null,null,null,null,null,null,null,null,null,null,null,'RJXXX0000000014',null,'cotos_dev');
INSERT INTO contract (id,created_at,created_user_id,updated_at,updated_user_id,version,contract_type,product_grp_master_id,lifecycle_status,workflow_status,immutable_cont_ident_number,case_number,case_title,contract_number,contract_branch_number,contract_title,origin_contract_number,origin_contract_branch_number,origin_contract_id,change_preferred_date,contract_date,account_sales_flg,billing_date,service_term_start,service_term_end,cancel_scheduled_date,estimation_number,estimation_branch_number,estimation_id,estimation_title,commercial_flow_div,issue_format,billing_customer_sp_code,billing_customer_sp_name,payment_terms,payment_method,extends_parameter,cancel_reason,cancel_reason_etc,web_order_number,rj_manage_number,billing_start_date,app_id) VALUES (14003,'2019/12/03','COTOS','2019/12/03','COTOS',1,'3',1020,'1','1','CIC-RJXXX0000000014',null,null,'dummy29',1,null,null,null,null,null,'2019/12/01',0,null,null,null,null,'dummy29',29,14003,null,null,null,null,null,null,null,null,null,null,null,'RJXXX0000000014',null,'cotos_dev');
INSERT INTO contract (id,created_at,created_user_id,updated_at,updated_user_id,version,contract_type,product_grp_master_id,lifecycle_status,workflow_status,immutable_cont_ident_number,case_number,case_title,contract_number,contract_branch_number,contract_title,origin_contract_number,origin_contract_branch_number,origin_contract_id,change_preferred_date,contract_date,account_sales_flg,billing_date,service_term_start,service_term_end,cancel_scheduled_date,estimation_number,estimation_branch_number,estimation_id,estimation_title,commercial_flow_div,issue_format,billing_customer_sp_code,billing_customer_sp_name,payment_terms,payment_method,extends_parameter,cancel_reason,cancel_reason_etc,web_order_number,rj_manage_number,billing_start_date,app_id) VALUES (15001,'2019/12/03','COTOS','2019/12/03','COTOS',1,'1',1020,'10','7','CIC-RJXXX0000000015',null,null,'dummy30',1,null,null,null,null,null,'2019/11/01',0,null,null,null,null,'dummy30',30,15001,null,null,null,null,null,null,null,null,null,null,null,'RJXXX0000000015',null,'cotos_dev');
INSERT INTO contract (id,created_at,created_user_id,updated_at,updated_user_id,version,contract_type,product_grp_master_id,lifecycle_status,workflow_status,immutable_cont_ident_number,case_number,case_title,contract_number,contract_branch_number,contract_title,origin_contract_number,origin_contract_branch_number,origin_contract_id,change_preferred_date,contract_date,account_sales_flg,billing_date,service_term_start,service_term_end,cancel_scheduled_date,estimation_number,estimation_branch_number,estimation_id,estimation_title,commercial_flow_div,issue_format,billing_customer_sp_code,billing_customer_sp_name,payment_terms,payment_method,extends_parameter,cancel_reason,cancel_reason_etc,web_order_number,rj_manage_number,billing_start_date,app_id) VALUES (15002,'2019/12/03','COTOS','2019/12/03','COTOS',1,'2',1020,'10','7','CIC-RJXXX0000000015',null,null,'dummy31',1,null,null,null,null,null,'2019/12/01',0,null,null,null,null,'dummy31',31,15002,null,null,null,null,null,null,null,null,null,null,null,'RJXXX0000000015',null,'cotos_dev');
INSERT INTO contract (id,created_at,created_user_id,updated_at,updated_user_id,version,contract_type,product_grp_master_id,lifecycle_status,workflow_status,immutable_cont_ident_number,case_number,case_title,contract_number,contract_branch_number,contract_title,origin_contract_number,origin_contract_branch_number,origin_contract_id,change_preferred_date,contract_date,account_sales_flg,billing_date,service_term_start,service_term_end,cancel_scheduled_date,estimation_number,estimation_branch_number,estimation_id,estimation_title,commercial_flow_div,issue_format,billing_customer_sp_code,billing_customer_sp_name,payment_terms,payment_method,extends_parameter,cancel_reason,cancel_reason_etc,web_order_number,rj_manage_number,billing_start_date,app_id) VALUES (15003,'2019/12/03','COTOS','2019/12/03','COTOS',1,'3',1020,'6','7','CIC-RJXXX0000000015',null,null,'dummy32',1,null,null,null,null,null,'2019/12/01',0,null,null,null,null,'dummy32',32,15003,null,null,null,null,null,null,null,null,null,null,null,'RJXXX0000000015',null,'cotos_dev');
INSERT INTO contract_pic_sa_emp (id,created_at,created_user_id,updated_at,updated_user_id,version,mom_employee_id,mom_org_id,org_hierarchy_level,org_name,sales_company_name,org_phone_number,employee_name,sales_department_name,post_number,address,phone_number,fax_number,mail_address,contract_id,extends_parameter) VALUES (1001,'2019/12/03','COTOS','2019/12/03','COTOS',1,'00465984','dummy_mom_org_id_401',1,'dummy_org_name_401','dummy_sales_company_name_401','dummy_org_phone_number_401','dummy_employee_name_401','dummy_sales_department_name_401','dummy_post_number_401','dummy_address_401','dummy_phone_number_401','dummy_fax_number_401','dummy_mail_address_401',1001,null);
INSERT INTO contract_pic_sa_emp (id,created_at,created_user_id,updated_at,updated_user_id,version,mom_employee_id,mom_org_id,org_hierarchy_level,org_name,sales_company_name,org_phone_number,employee_name,sales_department_name,post_number,address,phone_number,fax_number,mail_address,contract_id,extends_parameter) VALUES (2001,'2019/12/03','COTOS','2019/12/03','COTOS',1,'00465984','dummy_mom_org_id_401',1,'dummy_org_name_401','dummy_sales_company_name_401','dummy_org_phone_number_401','dummy_employee_name_401','dummy_sales_department_name_401','dummy_post_number_401','dummy_address_401','dummy_phone_number_401','dummy_fax_number_401','dummy_mail_address_401',2001,null);
INSERT INTO contract_pic_sa_emp (id,created_at,created_user_id,updated_at,updated_user_id,version,mom_employee_id,mom_org_id,org_hierarchy_level,org_name,sales_company_name,org_phone_number,employee_name,sales_department_name,post_number,address,phone_number,fax_number,mail_address,contract_id,extends_parameter) VALUES (3001,'2019/12/03','COTOS','2019/12/03','COTOS',1,'00465984','dummy_mom_org_id_401',1,'dummy_org_name_401','dummy_sales_company_name_401','dummy_org_phone_number_401','dummy_employee_name_401','dummy_sales_department_name_401','dummy_post_number_401','dummy_address_401','dummy_phone_number_401','dummy_fax_number_401','dummy_mail_address_401',3001,null);
INSERT INTO contract_pic_sa_emp (id,created_at,created_user_id,updated_at,updated_user_id,version,mom_employee_id,mom_org_id,org_hierarchy_level,org_name,sales_company_name,org_phone_number,employee_name,sales_department_name,post_number,address,phone_number,fax_number,mail_address,contract_id,extends_parameter) VALUES (6001,'2019/12/03','COTOS','2019/12/03','COTOS',1,'00465984','dummy_mom_org_id_401',1,'dummy_org_name_401','dummy_sales_company_name_401','dummy_org_phone_number_401','dummy_employee_name_401','dummy_sales_department_name_401','dummy_post_number_401','dummy_address_401','dummy_phone_number_401','dummy_fax_number_401','dummy_mail_address_401',6001,null);
INSERT INTO contract_pic_sa_emp (id,created_at,created_user_id,updated_at,updated_user_id,version,mom_employee_id,mom_org_id,org_hierarchy_level,org_name,sales_company_name,org_phone_number,employee_name,sales_department_name,post_number,address,phone_number,fax_number,mail_address,contract_id,extends_parameter) VALUES (6002,'2019/12/03','COTOS','2019/12/03','COTOS',1,'00465984','dummy_mom_org_id_401',1,'dummy_org_name_401','dummy_sales_company_name_401','dummy_org_phone_number_401','dummy_employee_name_401','dummy_sales_department_name_401','dummy_post_number_401','dummy_address_401','dummy_phone_number_401','dummy_fax_number_401','dummy_mail_address_401',6002,null);
INSERT INTO contract_pic_sa_emp (id,created_at,created_user_id,updated_at,updated_user_id,version,mom_employee_id,mom_org_id,org_hierarchy_level,org_name,sales_company_name,org_phone_number,employee_name,sales_department_name,post_number,address,phone_number,fax_number,mail_address,contract_id,extends_parameter) VALUES (7001,'2019/12/03','COTOS','2019/12/03','COTOS',1,'00465984','dummy_mom_org_id_401',1,'dummy_org_name_401','dummy_sales_company_name_401','dummy_org_phone_number_401','dummy_employee_name_401','dummy_sales_department_name_401','dummy_post_number_401','dummy_address_401','dummy_phone_number_401','dummy_fax_number_401','dummy_mail_address_401',7001,null);
INSERT INTO contract_pic_sa_emp (id,created_at,created_user_id,updated_at,updated_user_id,version,mom_employee_id,mom_org_id,org_hierarchy_level,org_name,sales_company_name,org_phone_number,employee_name,sales_department_name,post_number,address,phone_number,fax_number,mail_address,contract_id,extends_parameter) VALUES (7002,'2019/12/03','COTOS','2019/12/03','COTOS',1,'00465984','dummy_mom_org_id_401',1,'dummy_org_name_401','dummy_sales_company_name_401','dummy_org_phone_number_401','dummy_employee_name_401','dummy_sales_department_name_401','dummy_post_number_401','dummy_address_401','dummy_phone_number_401','dummy_fax_number_401','dummy_mail_address_401',7002,null);
INSERT INTO contract_pic_sa_emp (id,created_at,created_user_id,updated_at,updated_user_id,version,mom_employee_id,mom_org_id,org_hierarchy_level,org_name,sales_company_name,org_phone_number,employee_name,sales_department_name,post_number,address,phone_number,fax_number,mail_address,contract_id,extends_parameter) VALUES (11001,'2019/12/03','COTOS','2019/12/03','COTOS',1,'00465984','dummy_mom_org_id_401',1,'dummy_org_name_401','dummy_sales_company_name_401','dummy_org_phone_number_401','dummy_employee_name_401','dummy_sales_department_name_401','dummy_post_number_401','dummy_address_401','dummy_phone_number_401','dummy_fax_number_401','dummy_mail_address_401',11001,null);
INSERT INTO contract_pic_sa_emp (id,created_at,created_user_id,updated_at,updated_user_id,version,mom_employee_id,mom_org_id,org_hierarchy_level,org_name,sales_company_name,org_phone_number,employee_name,sales_department_name,post_number,address,phone_number,fax_number,mail_address,contract_id,extends_parameter) VALUES (11002,'2019/12/03','COTOS','2019/12/03','COTOS',1,'00465984','dummy_mom_org_id_401',1,'dummy_org_name_401','dummy_sales_company_name_401','dummy_org_phone_number_401','dummy_employee_name_401','dummy_sales_department_name_401','dummy_post_number_401','dummy_address_401','dummy_phone_number_401','dummy_fax_number_401','dummy_mail_address_401',11002,null);
INSERT INTO contract_pic_sa_emp (id,created_at,created_user_id,updated_at,updated_user_id,version,mom_employee_id,mom_org_id,org_hierarchy_level,org_name,sales_company_name,org_phone_number,employee_name,sales_department_name,post_number,address,phone_number,fax_number,mail_address,contract_id,extends_parameter) VALUES (11003,'2019/12/03','COTOS','2019/12/03','COTOS',1,'00465984','dummy_mom_org_id_401',1,'dummy_org_name_401','dummy_sales_company_name_401','dummy_org_phone_number_401','dummy_employee_name_401','dummy_sales_department_name_401','dummy_post_number_401','dummy_address_401','dummy_phone_number_401','dummy_fax_number_401','dummy_mail_address_401',11003,null);
INSERT INTO contract_pic_sa_emp (id,created_at,created_user_id,updated_at,updated_user_id,version,mom_employee_id,mom_org_id,org_hierarchy_level,org_name,sales_company_name,org_phone_number,employee_name,sales_department_name,post_number,address,phone_number,fax_number,mail_address,contract_id,extends_parameter) VALUES (13001,'2019/12/03','COTOS','2019/12/03','COTOS',1,'00465984','dummy_mom_org_id_401',1,'dummy_org_name_401','dummy_sales_company_name_401','dummy_org_phone_number_401','dummy_employee_name_401','dummy_sales_department_name_401','dummy_post_number_401','dummy_address_401','dummy_phone_number_401','dummy_fax_number_401','dummy_mail_address_401',13001,null);
INSERT INTO contract_pic_sa_emp (id,created_at,created_user_id,updated_at,updated_user_id,version,mom_employee_id,mom_org_id,org_hierarchy_level,org_name,sales_company_name,org_phone_number,employee_name,sales_department_name,post_number,address,phone_number,fax_number,mail_address,contract_id,extends_parameter) VALUES (13002,'2019/12/03','COTOS','2019/12/03','COTOS',1,'00465984','dummy_mom_org_id_401',1,'dummy_org_name_401','dummy_sales_company_name_401','dummy_org_phone_number_401','dummy_employee_name_401','dummy_sales_department_name_401','dummy_post_number_401','dummy_address_401','dummy_phone_number_401','dummy_fax_number_401','dummy_mail_address_401',13002,null);
INSERT INTO contract_pic_sa_emp (id,created_at,created_user_id,updated_at,updated_user_id,version,mom_employee_id,mom_org_id,org_hierarchy_level,org_name,sales_company_name,org_phone_number,employee_name,sales_department_name,post_number,address,phone_number,fax_number,mail_address,contract_id,extends_parameter) VALUES (13003,'2019/12/03','COTOS','2019/12/03','COTOS',1,'00465984','dummy_mom_org_id_401',1,'dummy_org_name_401','dummy_sales_company_name_401','dummy_org_phone_number_401','dummy_employee_name_401','dummy_sales_department_name_401','dummy_post_number_401','dummy_address_401','dummy_phone_number_401','dummy_fax_number_401','dummy_mail_address_401',13003,null);
INSERT INTO contract_pic_sa_emp (id,created_at,created_user_id,updated_at,updated_user_id,version,mom_employee_id,mom_org_id,org_hierarchy_level,org_name,sales_company_name,org_phone_number,employee_name,sales_department_name,post_number,address,phone_number,fax_number,mail_address,contract_id,extends_parameter) VALUES (14001,'2019/12/03','COTOS','2019/12/03','COTOS',1,'00465984','dummy_mom_org_id_401',1,'dummy_org_name_401','dummy_sales_company_name_401','dummy_org_phone_number_401','dummy_employee_name_401','dummy_sales_department_name_401','dummy_post_number_401','dummy_address_401','dummy_phone_number_401','dummy_fax_number_401','dummy_mail_address_401',14001,null);
INSERT INTO contract_pic_sa_emp (id,created_at,created_user_id,updated_at,updated_user_id,version,mom_employee_id,mom_org_id,org_hierarchy_level,org_name,sales_company_name,org_phone_number,employee_name,sales_department_name,post_number,address,phone_number,fax_number,mail_address,contract_id,extends_parameter) VALUES (14002,'2019/12/03','COTOS','2019/12/03','COTOS',1,'00465984','dummy_mom_org_id_401',1,'dummy_org_name_401','dummy_sales_company_name_401','dummy_org_phone_number_401','dummy_employee_name_401','dummy_sales_department_name_401','dummy_post_number_401','dummy_address_401','dummy_phone_number_401','dummy_fax_number_401','dummy_mail_address_401',14002,null);
INSERT INTO contract_pic_sa_emp (id,created_at,created_user_id,updated_at,updated_user_id,version,mom_employee_id,mom_org_id,org_hierarchy_level,org_name,sales_company_name,org_phone_number,employee_name,sales_department_name,post_number,address,phone_number,fax_number,mail_address,contract_id,extends_parameter) VALUES (14003,'2019/12/03','COTOS','2019/12/03','COTOS',1,'00465984','dummy_mom_org_id_401',1,'dummy_org_name_401','dummy_sales_company_name_401','dummy_org_phone_number_401','dummy_employee_name_401','dummy_sales_department_name_401','dummy_post_number_401','dummy_address_401','dummy_phone_number_401','dummy_fax_number_401','dummy_mail_address_401',14003,null);
INSERT INTO contract_pic_sa_emp (id,created_at,created_user_id,updated_at,updated_user_id,version,mom_employee_id,mom_org_id,org_hierarchy_level,org_name,sales_company_name,org_phone_number,employee_name,sales_department_name,post_number,address,phone_number,fax_number,mail_address,contract_id,extends_parameter) VALUES (15001,'2019/12/03','COTOS','2019/12/03','COTOS',1,'00465984','dummy_mom_org_id_401',1,'dummy_org_name_401','dummy_sales_company_name_401','dummy_org_phone_number_401','dummy_employee_name_401','dummy_sales_department_name_401','dummy_post_number_401','dummy_address_401','dummy_phone_number_401','dummy_fax_number_401','dummy_mail_address_401',15001,null);
INSERT INTO contract_pic_sa_emp (id,created_at,created_user_id,updated_at,updated_user_id,version,mom_employee_id,mom_org_id,org_hierarchy_level,org_name,sales_company_name,org_phone_number,employee_name,sales_department_name,post_number,address,phone_number,fax_number,mail_address,contract_id,extends_parameter) VALUES (15002,'2019/12/03','COTOS','2019/12/03','COTOS',1,'00465984','dummy_mom_org_id_401',1,'dummy_org_name_401','dummy_sales_company_name_401','dummy_org_phone_number_401','dummy_employee_name_401','dummy_sales_department_name_401','dummy_post_number_401','dummy_address_401','dummy_phone_number_401','dummy_fax_number_401','dummy_mail_address_401',15002,null);
INSERT INTO contract_pic_sa_emp (id,created_at,created_user_id,updated_at,updated_user_id,version,mom_employee_id,mom_org_id,org_hierarchy_level,org_name,sales_company_name,org_phone_number,employee_name,sales_department_name,post_number,address,phone_number,fax_number,mail_address,contract_id,extends_parameter) VALUES (15003,'2019/12/03','COTOS','2019/12/03','COTOS',1,'00465984','dummy_mom_org_id_401',1,'dummy_org_name_401','dummy_sales_company_name_401','dummy_org_phone_number_401','dummy_employee_name_401','dummy_sales_department_name_401','dummy_post_number_401','dummy_address_401','dummy_phone_number_401','dummy_fax_number_401','dummy_mail_address_401',15003,null);
INSERT INTO contract_detail (id,created_at,created_user_id,updated_at,updated_user_id,version,contract_id,state,quantity,amount_summary,detail_abstract,extends_parameter,unit_price) VALUES (1001,'2019/12/03','COTOS','2019/12/03','COTOS',1,1001,'1',1,100,null,null,100);
INSERT INTO contract_detail (id,created_at,created_user_id,updated_at,updated_user_id,version,contract_id,state,quantity,amount_summary,detail_abstract,extends_parameter,unit_price) VALUES (2001,'2019/12/03','COTOS','2019/12/03','COTOS',1,2001,'1',1,100,null,null,100);
INSERT INTO contract_detail (id,created_at,created_user_id,updated_at,updated_user_id,version,contract_id,state,quantity,amount_summary,detail_abstract,extends_parameter,unit_price) VALUES (3001,'2019/12/03','COTOS','2019/12/03','COTOS',1,3001,'1',1,100,null,null,100);
INSERT INTO contract_detail (id,created_at,created_user_id,updated_at,updated_user_id,version,contract_id,state,quantity,amount_summary,detail_abstract,extends_parameter,unit_price) VALUES (6001,'2019/12/03','COTOS','2019/12/03','COTOS',1,6001,'1',1,100,null,null,100);
INSERT INTO contract_detail (id,created_at,created_user_id,updated_at,updated_user_id,version,contract_id,state,quantity,amount_summary,detail_abstract,extends_parameter,unit_price) VALUES (6002,'2019/12/03','COTOS','2019/12/03','COTOS',1,6002,'1',1,100,null,null,100);
INSERT INTO contract_detail (id,created_at,created_user_id,updated_at,updated_user_id,version,contract_id,state,quantity,amount_summary,detail_abstract,extends_parameter,unit_price) VALUES (7001,'2019/12/03','COTOS','2019/12/03','COTOS',1,7001,'1',1,100,null,null,100);
INSERT INTO contract_detail (id,created_at,created_user_id,updated_at,updated_user_id,version,contract_id,state,quantity,amount_summary,detail_abstract,extends_parameter,unit_price) VALUES (7002,'2019/12/03','COTOS','2019/12/03','COTOS',1,7002,'1',1,100,null,null,100);
INSERT INTO contract_detail (id,created_at,created_user_id,updated_at,updated_user_id,version,contract_id,state,quantity,amount_summary,detail_abstract,extends_parameter,unit_price) VALUES (11001,'2019/12/03','COTOS','2019/12/03','COTOS',1,11001,'1',1,100,null,null,100);
INSERT INTO contract_detail (id,created_at,created_user_id,updated_at,updated_user_id,version,contract_id,state,quantity,amount_summary,detail_abstract,extends_parameter,unit_price) VALUES (11002,'2019/12/03','COTOS','2019/12/03','COTOS',1,11002,'1',1,100,null,null,100);
INSERT INTO contract_detail (id,created_at,created_user_id,updated_at,updated_user_id,version,contract_id,state,quantity,amount_summary,detail_abstract,extends_parameter,unit_price) VALUES (11003,'2019/12/03','COTOS','2019/12/03','COTOS',1,11003,'1',1,100,null,null,100);
INSERT INTO contract_detail (id,created_at,created_user_id,updated_at,updated_user_id,version,contract_id,state,quantity,amount_summary,detail_abstract,extends_parameter,unit_price) VALUES (13001,'2019/12/03','COTOS','2019/12/03','COTOS',1,13001,'1',1,100,null,null,100);
INSERT INTO contract_detail (id,created_at,created_user_id,updated_at,updated_user_id,version,contract_id,state,quantity,amount_summary,detail_abstract,extends_parameter,unit_price) VALUES (13002,'2019/12/03','COTOS','2019/12/03','COTOS',1,13002,'1',1,100,null,null,100);
INSERT INTO contract_detail (id,created_at,created_user_id,updated_at,updated_user_id,version,contract_id,state,quantity,amount_summary,detail_abstract,extends_parameter,unit_price) VALUES (13003,'2019/12/03','COTOS','2019/12/03','COTOS',1,13003,'1',1,100,null,null,100);
INSERT INTO contract_detail (id,created_at,created_user_id,updated_at,updated_user_id,version,contract_id,state,quantity,amount_summary,detail_abstract,extends_parameter,unit_price) VALUES (14001,'2019/12/03','COTOS','2019/12/03','COTOS',1,14001,'1',1,100,null,null,100);
INSERT INTO contract_detail (id,created_at,created_user_id,updated_at,updated_user_id,version,contract_id,state,quantity,amount_summary,detail_abstract,extends_parameter,unit_price) VALUES (14002,'2019/12/03','COTOS','2019/12/03','COTOS',1,14002,'1',1,100,null,null,100);
INSERT INTO contract_detail (id,created_at,created_user_id,updated_at,updated_user_id,version,contract_id,state,quantity,amount_summary,detail_abstract,extends_parameter,unit_price) VALUES (14003,'2019/12/03','COTOS','2019/12/03','COTOS',1,14003,'1',1,100,null,null,100);
INSERT INTO contract_detail (id,created_at,created_user_id,updated_at,updated_user_id,version,contract_id,state,quantity,amount_summary,detail_abstract,extends_parameter,unit_price) VALUES (15001,'2019/12/03','COTOS','2019/12/03','COTOS',1,15001,'1',1,100,null,null,100);
INSERT INTO contract_detail (id,created_at,created_user_id,updated_at,updated_user_id,version,contract_id,state,quantity,amount_summary,detail_abstract,extends_parameter,unit_price) VALUES (15002,'2019/12/03','COTOS','2019/12/03','COTOS',1,15002,'1',1,100,null,null,100);
INSERT INTO contract_detail (id,created_at,created_user_id,updated_at,updated_user_id,version,contract_id,state,quantity,amount_summary,detail_abstract,extends_parameter,unit_price) VALUES (15003,'2019/12/03','COTOS','2019/12/03','COTOS',1,15003,'1',1,100,null,null,100);
INSERT INTO product_contract (id,created_at,created_user_id,updated_at,updated_user_id,version,product_master_id,product_contract_name,rep_item_master_id,service_ident_number,contract_id,extends_parameter) VALUES (1001,'2019/12/03','COTOS','2019/12/03','COTOS',1,100,'RSI',0,'2',1001,null);
INSERT INTO product_contract (id,created_at,created_user_id,updated_at,updated_user_id,version,product_master_id,product_contract_name,rep_item_master_id,service_ident_number,contract_id,extends_parameter) VALUES (2001,'2019/12/03','COTOS','2019/12/03','COTOS',1,1020,'cybozu.com',0,'3',2001,null);
INSERT INTO product_contract (id,created_at,created_user_id,updated_at,updated_user_id,version,product_master_id,product_contract_name,rep_item_master_id,service_ident_number,contract_id,extends_parameter) VALUES (3001,'2019/12/03','COTOS','2019/12/03','COTOS',1,200,'CSP',0,'4',3001,null);
INSERT INTO product_contract (id,created_at,created_user_id,updated_at,updated_user_id,version,product_master_id,product_contract_name,rep_item_master_id,service_ident_number,contract_id,extends_parameter) VALUES (6001,'2019/12/03','COTOS','2019/12/03','COTOS',1,100,'RSI',0,'8',6001,null);
INSERT INTO product_contract (id,created_at,created_user_id,updated_at,updated_user_id,version,product_master_id,product_contract_name,rep_item_master_id,service_ident_number,contract_id,extends_parameter) VALUES (6002,'2019/12/03','COTOS','2019/12/03','COTOS',1,100,'RSI',0,'9',6002,null);
INSERT INTO product_contract (id,created_at,created_user_id,updated_at,updated_user_id,version,product_master_id,product_contract_name,rep_item_master_id,service_ident_number,contract_id,extends_parameter) VALUES (7001,'2019/12/03','COTOS','2019/12/03','COTOS',1,100,'RSI',0,'10',7001,null);
INSERT INTO product_contract (id,created_at,created_user_id,updated_at,updated_user_id,version,product_master_id,product_contract_name,rep_item_master_id,service_ident_number,contract_id,extends_parameter) VALUES (7002,'2019/12/03','COTOS','2019/12/03','COTOS',1,100,'RSI',0,'11',7002,null);
INSERT INTO product_contract (id,created_at,created_user_id,updated_at,updated_user_id,version,product_master_id,product_contract_name,rep_item_master_id,service_ident_number,contract_id,extends_parameter) VALUES (11001,'2019/12/03','COTOS','2019/12/03','COTOS',1,1020,'cybozu.com',0,'18',11001,null);
INSERT INTO product_contract (id,created_at,created_user_id,updated_at,updated_user_id,version,product_master_id,product_contract_name,rep_item_master_id,service_ident_number,contract_id,extends_parameter) VALUES (11002,'2019/12/03','COTOS','2019/12/03','COTOS',1,1020,'cybozu.com',0,'19',11002,null);
INSERT INTO product_contract (id,created_at,created_user_id,updated_at,updated_user_id,version,product_master_id,product_contract_name,rep_item_master_id,service_ident_number,contract_id,extends_parameter) VALUES (11003,'2019/12/03','COTOS','2019/12/03','COTOS',1,1020,'cybozu.com',0,'20',11003,null);
INSERT INTO product_contract (id,created_at,created_user_id,updated_at,updated_user_id,version,product_master_id,product_contract_name,rep_item_master_id,service_ident_number,contract_id,extends_parameter) VALUES (13001,'2019/12/03','COTOS','2019/12/03','COTOS',1,200,'CSP',0,'24',13001,null);
INSERT INTO product_contract (id,created_at,created_user_id,updated_at,updated_user_id,version,product_master_id,product_contract_name,rep_item_master_id,service_ident_number,contract_id,extends_parameter) VALUES (13002,'2019/12/03','COTOS','2019/12/03','COTOS',1,200,'CSP',0,'25',13002,null);
INSERT INTO product_contract (id,created_at,created_user_id,updated_at,updated_user_id,version,product_master_id,product_contract_name,rep_item_master_id,service_ident_number,contract_id,extends_parameter) VALUES (13003,'2019/12/03','COTOS','2019/12/03','COTOS',1,200,'CSP',0,'26',13003,null);
INSERT INTO product_contract (id,created_at,created_user_id,updated_at,updated_user_id,version,product_master_id,product_contract_name,rep_item_master_id,service_ident_number,contract_id,extends_parameter) VALUES (14001,'2019/12/03','COTOS','2019/12/03','COTOS',1,200,'CSP',0,'27',14001,null);
INSERT INTO product_contract (id,created_at,created_user_id,updated_at,updated_user_id,version,product_master_id,product_contract_name,rep_item_master_id,service_ident_number,contract_id,extends_parameter) VALUES (14002,'2019/12/03','COTOS','2019/12/03','COTOS',1,200,'CSP',0,'28',14002,null);
INSERT INTO product_contract (id,created_at,created_user_id,updated_at,updated_user_id,version,product_master_id,product_contract_name,rep_item_master_id,service_ident_number,contract_id,extends_parameter) VALUES (14003,'2019/12/03','COTOS','2019/12/03','COTOS',1,200,'CSP',0,'29',14003,null);
INSERT INTO product_contract (id,created_at,created_user_id,updated_at,updated_user_id,version,product_master_id,product_contract_name,rep_item_master_id,service_ident_number,contract_id,extends_parameter) VALUES (15001,'2019/12/03','COTOS','2019/12/03','COTOS',1,1020,'cybozu.com',0,'30',15001,null);
INSERT INTO product_contract (id,created_at,created_user_id,updated_at,updated_user_id,version,product_master_id,product_contract_name,rep_item_master_id,service_ident_number,contract_id,extends_parameter) VALUES (15002,'2019/12/03','COTOS','2019/12/03','COTOS',1,1020,'cybozu.com',0,'31',15002,null);
INSERT INTO product_contract (id,created_at,created_user_id,updated_at,updated_user_id,version,product_master_id,product_contract_name,rep_item_master_id,service_ident_number,contract_id,extends_parameter) VALUES (15003,'2019/12/03','COTOS','2019/12/03','COTOS',1,1020,'cybozu.com',0,'32',15003,null);
INSERT INTO customer_contract (id,created_at,created_user_id,updated_at,updated_user_id,version,mom_kjb_system_id,mom_cust_id,company_id,office_id,department_div,customer_name,company_name,company_name_kana,office_name,department_name,post_number,address,phone_number,fax_number,company_representative_name,company_representative_name_kana,pic_name,pic_name_kana,pic_dept_name,pic_phone_number,pic_fax_number,pic_mail_address,contract_id) VALUES (1001,'2019/12/03','COTOS','2019/12/03','COTOS',1,'000000003985825','000000002773772','000000002033411','000000001269962','2','dummy_customer_name_401','dummy_company_name_401','dummy_company_name_kana_401','dummy_office_name_401','dummy_department_name_401','dummy_post_number_401','dummy_address_401','dummy_phone_number_401','dummy_fax_number_401','dummy_company_representative_name_401','dummy_company_representative_name_kana_401','dummy_pic_name_401','dummy_pic_name_kana_401','dummy_pic_dept_name_401','dummy_pic_phone_number_401','dummy_pic_fax_number_401','dummy_pic_mail_address_401',1001);
INSERT INTO customer_contract (id,created_at,created_user_id,updated_at,updated_user_id,version,mom_kjb_system_id,mom_cust_id,company_id,office_id,department_div,customer_name,company_name,company_name_kana,office_name,department_name,post_number,address,phone_number,fax_number,company_representative_name,company_representative_name_kana,pic_name,pic_name_kana,pic_dept_name,pic_phone_number,pic_fax_number,pic_mail_address,contract_id) VALUES (2001,'2019/12/03','COTOS','2019/12/03','COTOS',1,'000000003985825','000000002773772','000000002033411','000000001269962','2','dummy_customer_name_401','dummy_company_name_401','dummy_company_name_kana_401','dummy_office_name_401','dummy_department_name_401','dummy_post_number_401','dummy_address_401','dummy_phone_number_401','dummy_fax_number_401','dummy_company_representative_name_401','dummy_company_representative_name_kana_401','dummy_pic_name_401','dummy_pic_name_kana_401','dummy_pic_dept_name_401','dummy_pic_phone_number_401','dummy_pic_fax_number_401','dummy_pic_mail_address_401',2001);
INSERT INTO customer_contract (id,created_at,created_user_id,updated_at,updated_user_id,version,mom_kjb_system_id,mom_cust_id,company_id,office_id,department_div,customer_name,company_name,company_name_kana,office_name,department_name,post_number,address,phone_number,fax_number,company_representative_name,company_representative_name_kana,pic_name,pic_name_kana,pic_dept_name,pic_phone_number,pic_fax_number,pic_mail_address,contract_id) VALUES (3001,'2019/12/03','COTOS','2019/12/03','COTOS',1,'000000003985825','000000002773772','000000002033411','000000001269962','2','dummy_customer_name_401','dummy_company_name_401','dummy_company_name_kana_401','dummy_office_name_401','dummy_department_name_401','dummy_post_number_401','dummy_address_401','dummy_phone_number_401','dummy_fax_number_401','dummy_company_representative_name_401','dummy_company_representative_name_kana_401','dummy_pic_name_401','dummy_pic_name_kana_401','dummy_pic_dept_name_401','dummy_pic_phone_number_401','dummy_pic_fax_number_401','dummy_pic_mail_address_401',3001);
INSERT INTO customer_contract (id,created_at,created_user_id,updated_at,updated_user_id,version,mom_kjb_system_id,mom_cust_id,company_id,office_id,department_div,customer_name,company_name,company_name_kana,office_name,department_name,post_number,address,phone_number,fax_number,company_representative_name,company_representative_name_kana,pic_name,pic_name_kana,pic_dept_name,pic_phone_number,pic_fax_number,pic_mail_address,contract_id) VALUES (6001,'2019/12/03','COTOS','2019/12/03','COTOS',1,'000000003985825','000000002773772','000000002033411','000000001269962','2','dummy_customer_name_401','dummy_company_name_401','dummy_company_name_kana_401','dummy_office_name_401','dummy_department_name_401','dummy_post_number_401','dummy_address_401','dummy_phone_number_401','dummy_fax_number_401','dummy_company_representative_name_401','dummy_company_representative_name_kana_401','dummy_pic_name_401','dummy_pic_name_kana_401','dummy_pic_dept_name_401','dummy_pic_phone_number_401','dummy_pic_fax_number_401','dummy_pic_mail_address_401',6001);
INSERT INTO customer_contract (id,created_at,created_user_id,updated_at,updated_user_id,version,mom_kjb_system_id,mom_cust_id,company_id,office_id,department_div,customer_name,company_name,company_name_kana,office_name,department_name,post_number,address,phone_number,fax_number,company_representative_name,company_representative_name_kana,pic_name,pic_name_kana,pic_dept_name,pic_phone_number,pic_fax_number,pic_mail_address,contract_id) VALUES (6002,'2019/12/03','COTOS','2019/12/03','COTOS',1,'000000003985825','000000002773772','000000002033411','000000001269962','2','dummy_customer_name_401','dummy_company_name_401','dummy_company_name_kana_401','dummy_office_name_401','dummy_department_name_401','dummy_post_number_401','dummy_address_401','dummy_phone_number_401','dummy_fax_number_401','dummy_company_representative_name_401','dummy_company_representative_name_kana_401','dummy_pic_name_401','dummy_pic_name_kana_401','dummy_pic_dept_name_401','dummy_pic_phone_number_401','dummy_pic_fax_number_401','dummy_pic_mail_address_401',6002);
INSERT INTO customer_contract (id,created_at,created_user_id,updated_at,updated_user_id,version,mom_kjb_system_id,mom_cust_id,company_id,office_id,department_div,customer_name,company_name,company_name_kana,office_name,department_name,post_number,address,phone_number,fax_number,company_representative_name,company_representative_name_kana,pic_name,pic_name_kana,pic_dept_name,pic_phone_number,pic_fax_number,pic_mail_address,contract_id) VALUES (7001,'2019/12/03','COTOS','2019/12/03','COTOS',1,'000000003985825','000000002773772','000000002033411','000000001269962','2','dummy_customer_name_401','dummy_company_name_401','dummy_company_name_kana_401','dummy_office_name_401','dummy_department_name_401','dummy_post_number_401','dummy_address_401','dummy_phone_number_401','dummy_fax_number_401','dummy_company_representative_name_401','dummy_company_representative_name_kana_401','dummy_pic_name_401','dummy_pic_name_kana_401','dummy_pic_dept_name_401','dummy_pic_phone_number_401','dummy_pic_fax_number_401','dummy_pic_mail_address_401',7001);
INSERT INTO customer_contract (id,created_at,created_user_id,updated_at,updated_user_id,version,mom_kjb_system_id,mom_cust_id,company_id,office_id,department_div,customer_name,company_name,company_name_kana,office_name,department_name,post_number,address,phone_number,fax_number,company_representative_name,company_representative_name_kana,pic_name,pic_name_kana,pic_dept_name,pic_phone_number,pic_fax_number,pic_mail_address,contract_id) VALUES (7002,'2019/12/03','COTOS','2019/12/03','COTOS',1,'000000003985825','000000002773772','000000002033411','000000001269962','2','dummy_customer_name_401','dummy_company_name_401','dummy_company_name_kana_401','dummy_office_name_401','dummy_department_name_401','dummy_post_number_401','dummy_address_401','dummy_phone_number_401','dummy_fax_number_401','dummy_company_representative_name_401','dummy_company_representative_name_kana_401','dummy_pic_name_401','dummy_pic_name_kana_401','dummy_pic_dept_name_401','dummy_pic_phone_number_401','dummy_pic_fax_number_401','dummy_pic_mail_address_401',7002);
INSERT INTO customer_contract (id,created_at,created_user_id,updated_at,updated_user_id,version,mom_kjb_system_id,mom_cust_id,company_id,office_id,department_div,customer_name,company_name,company_name_kana,office_name,department_name,post_number,address,phone_number,fax_number,company_representative_name,company_representative_name_kana,pic_name,pic_name_kana,pic_dept_name,pic_phone_number,pic_fax_number,pic_mail_address,contract_id) VALUES (10001,'2019/12/03','COTOS','2019/12/03','COTOS',1,'000000003985825','000000002773772','000000002033411','000000001269962','2','dummy_customer_name_401','dummy_company_name_401','dummy_company_name_kana_401','dummy_office_name_401','dummy_department_name_401','dummy_post_number_401','dummy_address_401','dummy_phone_number_401','dummy_fax_number_401','dummy_company_representative_name_401','dummy_company_representative_name_kana_401','dummy_pic_name_401','dummy_pic_name_kana_401','dummy_pic_dept_name_401','dummy_pic_phone_number_401','dummy_pic_fax_number_401','dummy_pic_mail_address_401',10001);
INSERT INTO customer_contract (id,created_at,created_user_id,updated_at,updated_user_id,version,mom_kjb_system_id,mom_cust_id,company_id,office_id,department_div,customer_name,company_name,company_name_kana,office_name,department_name,post_number,address,phone_number,fax_number,company_representative_name,company_representative_name_kana,pic_name,pic_name_kana,pic_dept_name,pic_phone_number,pic_fax_number,pic_mail_address,contract_id) VALUES (10002,'2019/12/03','COTOS','2019/12/03','COTOS',1,'000000003985825','000000002773772','000000002033411','000000001269962','2','dummy_customer_name_401','dummy_company_name_401','dummy_company_name_kana_401','dummy_office_name_401','dummy_department_name_401','dummy_post_number_401','dummy_address_401','dummy_phone_number_401','dummy_fax_number_401','dummy_company_representative_name_401','dummy_company_representative_name_kana_401','dummy_pic_name_401','dummy_pic_name_kana_401','dummy_pic_dept_name_401','dummy_pic_phone_number_401','dummy_pic_fax_number_401','dummy_pic_mail_address_401',10002);
INSERT INTO customer_contract (id,created_at,created_user_id,updated_at,updated_user_id,version,mom_kjb_system_id,mom_cust_id,company_id,office_id,department_div,customer_name,company_name,company_name_kana,office_name,department_name,post_number,address,phone_number,fax_number,company_representative_name,company_representative_name_kana,pic_name,pic_name_kana,pic_dept_name,pic_phone_number,pic_fax_number,pic_mail_address,contract_id) VALUES (11001,'2019/12/03','COTOS','2019/12/03','COTOS',1,'000000003985825','000000002773772','000000002033411','000000001269962','2','dummy_customer_name_401','dummy_company_name_401','dummy_company_name_kana_401','dummy_office_name_401','dummy_department_name_401','dummy_post_number_401','dummy_address_401','dummy_phone_number_401','dummy_fax_number_401','dummy_company_representative_name_401','dummy_company_representative_name_kana_401','dummy_pic_name_401','dummy_pic_name_kana_401','dummy_pic_dept_name_401','dummy_pic_phone_number_401','dummy_pic_fax_number_401','dummy_pic_mail_address_401',11001);
INSERT INTO customer_contract (id,created_at,created_user_id,updated_at,updated_user_id,version,mom_kjb_system_id,mom_cust_id,company_id,office_id,department_div,customer_name,company_name,company_name_kana,office_name,department_name,post_number,address,phone_number,fax_number,company_representative_name,company_representative_name_kana,pic_name,pic_name_kana,pic_dept_name,pic_phone_number,pic_fax_number,pic_mail_address,contract_id) VALUES (11002,'2019/12/03','COTOS','2019/12/03','COTOS',1,'000000003985825','000000002773772','000000002033411','000000001269962','2','dummy_customer_name_401','dummy_company_name_401','dummy_company_name_kana_401','dummy_office_name_401','dummy_department_name_401','dummy_post_number_401','dummy_address_401','dummy_phone_number_401','dummy_fax_number_401','dummy_company_representative_name_401','dummy_company_representative_name_kana_401','dummy_pic_name_401','dummy_pic_name_kana_401','dummy_pic_dept_name_401','dummy_pic_phone_number_401','dummy_pic_fax_number_401','dummy_pic_mail_address_401',11002);
INSERT INTO customer_contract (id,created_at,created_user_id,updated_at,updated_user_id,version,mom_kjb_system_id,mom_cust_id,company_id,office_id,department_div,customer_name,company_name,company_name_kana,office_name,department_name,post_number,address,phone_number,fax_number,company_representative_name,company_representative_name_kana,pic_name,pic_name_kana,pic_dept_name,pic_phone_number,pic_fax_number,pic_mail_address,contract_id) VALUES (11003,'2019/12/03','COTOS','2019/12/03','COTOS',1,'000000003985825','000000002773772','000000002033411','000000001269962','2','dummy_customer_name_401','dummy_company_name_401','dummy_company_name_kana_401','dummy_office_name_401','dummy_department_name_401','dummy_post_number_401','dummy_address_401','dummy_phone_number_401','dummy_fax_number_401','dummy_company_representative_name_401','dummy_company_representative_name_kana_401','dummy_pic_name_401','dummy_pic_name_kana_401','dummy_pic_dept_name_401','dummy_pic_phone_number_401','dummy_pic_fax_number_401','dummy_pic_mail_address_401',11003);
INSERT INTO customer_contract (id,created_at,created_user_id,updated_at,updated_user_id,version,mom_kjb_system_id,mom_cust_id,company_id,office_id,department_div,customer_name,company_name,company_name_kana,office_name,department_name,post_number,address,phone_number,fax_number,company_representative_name,company_representative_name_kana,pic_name,pic_name_kana,pic_dept_name,pic_phone_number,pic_fax_number,pic_mail_address,contract_id) VALUES (13001,'2019/12/03','COTOS','2019/12/03','COTOS',1,'000000003985825','000000002773772','000000002033411','000000001269962','2','dummy_customer_name_401','dummy_company_name_401','dummy_company_name_kana_401','dummy_office_name_401','dummy_department_name_401','dummy_post_number_401','dummy_address_401','dummy_phone_number_401','dummy_fax_number_401','dummy_company_representative_name_401','dummy_company_representative_name_kana_401','dummy_pic_name_401','dummy_pic_name_kana_401','dummy_pic_dept_name_401','dummy_pic_phone_number_401','dummy_pic_fax_number_401','dummy_pic_mail_address_401',13001);
INSERT INTO customer_contract (id,created_at,created_user_id,updated_at,updated_user_id,version,mom_kjb_system_id,mom_cust_id,company_id,office_id,department_div,customer_name,company_name,company_name_kana,office_name,department_name,post_number,address,phone_number,fax_number,company_representative_name,company_representative_name_kana,pic_name,pic_name_kana,pic_dept_name,pic_phone_number,pic_fax_number,pic_mail_address,contract_id) VALUES (13002,'2019/12/03','COTOS','2019/12/03','COTOS',1,'000000003985825','000000002773772','000000002033411','000000001269962','2','dummy_customer_name_401','dummy_company_name_401','dummy_company_name_kana_401','dummy_office_name_401','dummy_department_name_401','dummy_post_number_401','dummy_address_401','dummy_phone_number_401','dummy_fax_number_401','dummy_company_representative_name_401','dummy_company_representative_name_kana_401','dummy_pic_name_401','dummy_pic_name_kana_401','dummy_pic_dept_name_401','dummy_pic_phone_number_401','dummy_pic_fax_number_401','dummy_pic_mail_address_401',13002);
INSERT INTO customer_contract (id,created_at,created_user_id,updated_at,updated_user_id,version,mom_kjb_system_id,mom_cust_id,company_id,office_id,department_div,customer_name,company_name,company_name_kana,office_name,department_name,post_number,address,phone_number,fax_number,company_representative_name,company_representative_name_kana,pic_name,pic_name_kana,pic_dept_name,pic_phone_number,pic_fax_number,pic_mail_address,contract_id) VALUES (13003,'2019/12/03','COTOS','2019/12/03','COTOS',1,'000000003985825','000000002773772','000000002033411','000000001269962','2','dummy_customer_name_401','dummy_company_name_401','dummy_company_name_kana_401','dummy_office_name_401','dummy_department_name_401','dummy_post_number_401','dummy_address_401','dummy_phone_number_401','dummy_fax_number_401','dummy_company_representative_name_401','dummy_company_representative_name_kana_401','dummy_pic_name_401','dummy_pic_name_kana_401','dummy_pic_dept_name_401','dummy_pic_phone_number_401','dummy_pic_fax_number_401','dummy_pic_mail_address_401',13003);
INSERT INTO customer_contract (id,created_at,created_user_id,updated_at,updated_user_id,version,mom_kjb_system_id,mom_cust_id,company_id,office_id,department_div,customer_name,company_name,company_name_kana,office_name,department_name,post_number,address,phone_number,fax_number,company_representative_name,company_representative_name_kana,pic_name,pic_name_kana,pic_dept_name,pic_phone_number,pic_fax_number,pic_mail_address,contract_id) VALUES (14001,'2019/12/03','COTOS','2019/12/03','COTOS',1,'000000003985825','000000002773772','000000002033411','000000001269962','2','dummy_customer_name_401','dummy_company_name_401','dummy_company_name_kana_401','dummy_office_name_401','dummy_department_name_401','dummy_post_number_401','dummy_address_401','dummy_phone_number_401','dummy_fax_number_401','dummy_company_representative_name_401','dummy_company_representative_name_kana_401','dummy_pic_name_401','dummy_pic_name_kana_401','dummy_pic_dept_name_401','dummy_pic_phone_number_401','dummy_pic_fax_number_401','dummy_pic_mail_address_401',14001);
INSERT INTO customer_contract (id,created_at,created_user_id,updated_at,updated_user_id,version,mom_kjb_system_id,mom_cust_id,company_id,office_id,department_div,customer_name,company_name,company_name_kana,office_name,department_name,post_number,address,phone_number,fax_number,company_representative_name,company_representative_name_kana,pic_name,pic_name_kana,pic_dept_name,pic_phone_number,pic_fax_number,pic_mail_address,contract_id) VALUES (14002,'2019/12/03','COTOS','2019/12/03','COTOS',1,'000000003985825','000000002773772','000000002033411','000000001269962','2','dummy_customer_name_401','dummy_company_name_401','dummy_company_name_kana_401','dummy_office_name_401','dummy_department_name_401','dummy_post_number_401','dummy_address_401','dummy_phone_number_401','dummy_fax_number_401','dummy_company_representative_name_401','dummy_company_representative_name_kana_401','dummy_pic_name_401','dummy_pic_name_kana_401','dummy_pic_dept_name_401','dummy_pic_phone_number_401','dummy_pic_fax_number_401','dummy_pic_mail_address_401',14002);
INSERT INTO customer_contract (id,created_at,created_user_id,updated_at,updated_user_id,version,mom_kjb_system_id,mom_cust_id,company_id,office_id,department_div,customer_name,company_name,company_name_kana,office_name,department_name,post_number,address,phone_number,fax_number,company_representative_name,company_representative_name_kana,pic_name,pic_name_kana,pic_dept_name,pic_phone_number,pic_fax_number,pic_mail_address,contract_id) VALUES (14003,'2019/12/03','COTOS','2019/12/03','COTOS',1,'000000003985825','000000002773772','000000002033411','000000001269962','2','dummy_customer_name_401','dummy_company_name_401','dummy_company_name_kana_401','dummy_office_name_401','dummy_department_name_401','dummy_post_number_401','dummy_address_401','dummy_phone_number_401','dummy_fax_number_401','dummy_company_representative_name_401','dummy_company_representative_name_kana_401','dummy_pic_name_401','dummy_pic_name_kana_401','dummy_pic_dept_name_401','dummy_pic_phone_number_401','dummy_pic_fax_number_401','dummy_pic_mail_address_401',14003);
INSERT INTO customer_contract (id,created_at,created_user_id,updated_at,updated_user_id,version,mom_kjb_system_id,mom_cust_id,company_id,office_id,department_div,customer_name,company_name,company_name_kana,office_name,department_name,post_number,address,phone_number,fax_number,company_representative_name,company_representative_name_kana,pic_name,pic_name_kana,pic_dept_name,pic_phone_number,pic_fax_number,pic_mail_address,contract_id) VALUES (15001,'2019/12/03','COTOS','2019/12/03','COTOS',1,'000000003985825','000000002773772','000000002033411','000000001269962','2','dummy_customer_name_401','dummy_company_name_401','dummy_company_name_kana_401','dummy_office_name_401','dummy_department_name_401','dummy_post_number_401','dummy_address_401','dummy_phone_number_401','dummy_fax_number_401','dummy_company_representative_name_401','dummy_company_representative_name_kana_401','dummy_pic_name_401','dummy_pic_name_kana_401','dummy_pic_dept_name_401','dummy_pic_phone_number_401','dummy_pic_fax_number_401','dummy_pic_mail_address_401',15001);
INSERT INTO customer_contract (id,created_at,created_user_id,updated_at,updated_user_id,version,mom_kjb_system_id,mom_cust_id,company_id,office_id,department_div,customer_name,company_name,company_name_kana,office_name,department_name,post_number,address,phone_number,fax_number,company_representative_name,company_representative_name_kana,pic_name,pic_name_kana,pic_dept_name,pic_phone_number,pic_fax_number,pic_mail_address,contract_id) VALUES (15002,'2019/12/03','COTOS','2019/12/03','COTOS',1,'000000003985825','000000002773772','000000002033411','000000001269962','2','dummy_customer_name_401','dummy_company_name_401','dummy_company_name_kana_401','dummy_office_name_401','dummy_department_name_401','dummy_post_number_401','dummy_address_401','dummy_phone_number_401','dummy_fax_number_401','dummy_company_representative_name_401','dummy_company_representative_name_kana_401','dummy_pic_name_401','dummy_pic_name_kana_401','dummy_pic_dept_name_401','dummy_pic_phone_number_401','dummy_pic_fax_number_401','dummy_pic_mail_address_401',15002);
INSERT INTO customer_contract (id,created_at,created_user_id,updated_at,updated_user_id,version,mom_kjb_system_id,mom_cust_id,company_id,office_id,department_div,customer_name,company_name,company_name_kana,office_name,department_name,post_number,address,phone_number,fax_number,company_representative_name,company_representative_name_kana,pic_name,pic_name_kana,pic_dept_name,pic_phone_number,pic_fax_number,pic_mail_address,contract_id) VALUES (15003,'2019/12/03','COTOS','2019/12/03','COTOS',1,'000000003985825','000000002773772','000000002033411','000000001269962','2','dummy_customer_name_401','dummy_company_name_401','dummy_company_name_kana_401','dummy_office_name_401','dummy_department_name_401','dummy_post_number_401','dummy_address_401','dummy_phone_number_401','dummy_fax_number_401','dummy_company_representative_name_401','dummy_company_representative_name_kana_401','dummy_pic_name_401','dummy_pic_name_kana_401','dummy_pic_dept_name_401','dummy_pic_phone_number_401','dummy_pic_fax_number_401','dummy_pic_mail_address_401',15003);
INSERT INTO item_contract (id,created_at,created_user_id,updated_at,updated_user_id,version,item_master_id,product_master_id,item_contract_name,ricoh_item_code,item_type,cost_type,partition_price,contract_detail_id) VALUES (1001,'2019/12/03','COTOS','2019/12/03','COTOS',1,2004,1020,'Garoon on cybozu.com','GC2018','1','2',845,1001);
INSERT INTO item_contract (id,created_at,created_user_id,updated_at,updated_user_id,version,item_master_id,product_master_id,item_contract_name,ricoh_item_code,item_type,cost_type,partition_price,contract_detail_id) VALUES (2001,'2019/12/03','COTOS','2019/12/03','COTOS',1,2004,1020,'Garoon on cybozu.com','GC2018','1','2',845,2001);
INSERT INTO item_contract (id,created_at,created_user_id,updated_at,updated_user_id,version,item_master_id,product_master_id,item_contract_name,ricoh_item_code,item_type,cost_type,partition_price,contract_detail_id) VALUES (3001,'2019/12/03','COTOS','2019/12/03','COTOS',1,2004,1020,'Garoon on cybozu.com','GC2018','1','2',845,3001);
INSERT INTO item_contract (id,created_at,created_user_id,updated_at,updated_user_id,version,item_master_id,product_master_id,item_contract_name,ricoh_item_code,item_type,cost_type,partition_price,contract_detail_id) VALUES (6001,'2019/12/03','COTOS','2019/12/03','COTOS',1,2004,1020,'Garoon on cybozu.com','GC2018','1','2',845,6001);
INSERT INTO item_contract (id,created_at,created_user_id,updated_at,updated_user_id,version,item_master_id,product_master_id,item_contract_name,ricoh_item_code,item_type,cost_type,partition_price,contract_detail_id) VALUES (6002,'2019/12/03','COTOS','2019/12/03','COTOS',1,2004,1020,'Garoon on cybozu.com','GC2018','1','2',845,6002);
INSERT INTO item_contract (id,created_at,created_user_id,updated_at,updated_user_id,version,item_master_id,product_master_id,item_contract_name,ricoh_item_code,item_type,cost_type,partition_price,contract_detail_id) VALUES (7001,'2019/12/03','COTOS','2019/12/03','COTOS',1,2004,1020,'Garoon on cybozu.com','GC2018','1','2',845,7001);
INSERT INTO item_contract (id,created_at,created_user_id,updated_at,updated_user_id,version,item_master_id,product_master_id,item_contract_name,ricoh_item_code,item_type,cost_type,partition_price,contract_detail_id) VALUES (7002,'2019/12/03','COTOS','2019/12/03','COTOS',1,2004,1020,'Garoon on cybozu.com','GC2018','1','2',845,7002);
INSERT INTO item_contract (id,created_at,created_user_id,updated_at,updated_user_id,version,item_master_id,product_master_id,item_contract_name,ricoh_item_code,item_type,cost_type,partition_price,contract_detail_id) VALUES (11001,'2019/12/03','COTOS','2019/12/03','COTOS',1,2004,1020,'Garoon on cybozu.com','GC2018','1','2',845,11001);
INSERT INTO item_contract (id,created_at,created_user_id,updated_at,updated_user_id,version,item_master_id,product_master_id,item_contract_name,ricoh_item_code,item_type,cost_type,partition_price,contract_detail_id) VALUES (11002,'2019/12/03','COTOS','2019/12/03','COTOS',1,2004,1020,'Garoon on cybozu.com','GC2018','1','2',845,11002);
INSERT INTO item_contract (id,created_at,created_user_id,updated_at,updated_user_id,version,item_master_id,product_master_id,item_contract_name,ricoh_item_code,item_type,cost_type,partition_price,contract_detail_id) VALUES (11003,'2019/12/03','COTOS','2019/12/03','COTOS',1,2004,1020,'Garoon on cybozu.com','GC2018','1','2',845,11003);
INSERT INTO item_contract (id,created_at,created_user_id,updated_at,updated_user_id,version,item_master_id,product_master_id,item_contract_name,ricoh_item_code,item_type,cost_type,partition_price,contract_detail_id) VALUES (13001,'2019/12/03','COTOS','2019/12/03','COTOS',1,2004,1020,'Garoon on cybozu.com','GC2018','1','2',845,13001);
INSERT INTO item_contract (id,created_at,created_user_id,updated_at,updated_user_id,version,item_master_id,product_master_id,item_contract_name,ricoh_item_code,item_type,cost_type,partition_price,contract_detail_id) VALUES (13002,'2019/12/03','COTOS','2019/12/03','COTOS',1,2004,1020,'Garoon on cybozu.com','GC2018','1','2',845,13002);
INSERT INTO item_contract (id,created_at,created_user_id,updated_at,updated_user_id,version,item_master_id,product_master_id,item_contract_name,ricoh_item_code,item_type,cost_type,partition_price,contract_detail_id) VALUES (13003,'2019/12/03','COTOS','2019/12/03','COTOS',1,2004,1020,'Garoon on cybozu.com','GC2018','1','2',845,13003);
INSERT INTO item_contract (id,created_at,created_user_id,updated_at,updated_user_id,version,item_master_id,product_master_id,item_contract_name,ricoh_item_code,item_type,cost_type,partition_price,contract_detail_id) VALUES (14001,'2019/12/03','COTOS','2019/12/03','COTOS',1,2004,1020,'Garoon on cybozu.com','GC2018','1','2',845,14001);
INSERT INTO item_contract (id,created_at,created_user_id,updated_at,updated_user_id,version,item_master_id,product_master_id,item_contract_name,ricoh_item_code,item_type,cost_type,partition_price,contract_detail_id) VALUES (14002,'2019/12/03','COTOS','2019/12/03','COTOS',1,2004,1020,'Garoon on cybozu.com','GC2018','1','2',845,14002);
INSERT INTO item_contract (id,created_at,created_user_id,updated_at,updated_user_id,version,item_master_id,product_master_id,item_contract_name,ricoh_item_code,item_type,cost_type,partition_price,contract_detail_id) VALUES (14003,'2019/12/03','COTOS','2019/12/03','COTOS',1,2004,1020,'Garoon on cybozu.com','GC2018','1','2',845,14003);
INSERT INTO item_contract (id,created_at,created_user_id,updated_at,updated_user_id,version,item_master_id,product_master_id,item_contract_name,ricoh_item_code,item_type,cost_type,partition_price,contract_detail_id) VALUES (15001,'2019/12/03','COTOS','2019/12/03','COTOS',1,2004,1020,'Garoon on cybozu.com','GC2018','1','2',845,15001);
INSERT INTO item_contract (id,created_at,created_user_id,updated_at,updated_user_id,version,item_master_id,product_master_id,item_contract_name,ricoh_item_code,item_type,cost_type,partition_price,contract_detail_id) VALUES (15002,'2019/12/03','COTOS','2019/12/03','COTOS',1,2004,1020,'Garoon on cybozu.com','GC2018','1','2',845,15002);
INSERT INTO item_contract (id,created_at,created_user_id,updated_at,updated_user_id,version,item_master_id,product_master_id,item_contract_name,ricoh_item_code,item_type,cost_type,partition_price,contract_detail_id) VALUES (15003,'2019/12/03','COTOS','2019/12/03','COTOS',1,2004,1020,'Garoon on cybozu.com','GC2018','1','2',845,15003);
INSERT INTO product_master (id,created_at,created_user_id,updated_at,updated_user_id,version,product_name,rep_item_master_id,app_id,contract_class_div,json_schema_master_id,product_class_div) VALUES (100,'2018/11/19','COTOS','2018/11/19','COTOS',1,'RSI',null,'rsi',null,null,'RSI');
INSERT INTO product_master (id,created_at,created_user_id,updated_at,updated_user_id,version,product_name,rep_item_master_id,app_id,contract_class_div,json_schema_master_id,product_class_div) VALUES (200,'2018/11/19','COTOS','2018/11/19','COTOS',1,'CSP',null,'csp',null,null,'CSP');
INSERT INTO product_master (id,created_at,created_user_id,updated_at,updated_user_id,version,product_name,rep_item_master_id,app_id,contract_class_div,json_schema_master_id,product_class_div) VALUES (1020,'2019/11/26','COTOS','2019/11/26','COTOS',1,'cybozu.com',0,'cotos_dev',null,null,'ROC');