--▼見積 見積ID:4 元契約ID:4
INSERT INTO estimation (id,created_at,created_user_id,updated_at,updated_user_id,version,product_grp_master_id,lifecycle_status,workflow_status,immutable_cont_ident_number,case_number,case_title,estimation_number,estimation_branch_number,estimation_title,estimation_type,estimated_system_div,origin_contract_number,origin_contract_branch_number,origin_contract_id,commercial_flow_div,issue_format,issue_estimation_title,issue_customer_corp_name,estimation_limit,cover_company_name,cover_title,cover_estimation_subject,cover_payment_terms,cover_delivery_date,cover_expiration_date,cover_remarks,cover_presentation_date,publish_company,publish_department,publish_post_number,publish_address,publish_tel,publish_fax,publish_employee,sp_price_apply_reason,sp_price_apply_reason_text,main_competitor_name,competition_info,competition_contract_div,competition_amount,extends_parameter,app_id) VALUES (4,'2018/09/19 12:09:10','COTOS','2018/09/19 12:09:10','COTOS',1,200,'3','1','1','4','[テストパターン4]見積→契約→手配→解約手配まで','CE2018091900401',1,'[テストパターン4]見積→契約→手配→解約手配まで','1','1','CC2018091900401',1,4,'3','1','[テストパターン4]見積→契約→手配→解約手配まで','[テストパターン4]','2018/10/1','[テストパターン4]鑑用企業名','さま','[テストパターン4]鑑用見積件名','[テストパターン4]鑑用支払条件','2018/10/1','2018/11/1','備考','2018/11/1','[テストパターン4]発行元会社名','[テストパターン4]発行元所属','210-xxxx','[テストパターン4]発行元住所','xx-xxxx-xxxx','xx-xxxx-xxxx','[テストパターン4]発行元担当者名','[テストパターン4]特価希望理由','[テストパターン4]特価希望理由テキスト','[テストパターン4]主競合先名称','[テストパターン4]競合情報','[テストパターン4]競合先契約種別',100,'[テストパターン4]拡張項目','cotos_dev');
INSERT INTO estimation_detail (id,created_at,created_user_id,updated_at,updated_user_id,version,estimation_id,state,quantity,estimation_amount_summary,detail_abstract,extends_parameter) VALUES (401,'2018/09/19 12:09:10','COTOS','2018/09/19 12:09:10','COTOS',1,4,'1',1,1020,'dummy_detail_abstract_401','dummy_extends_parameter_401');
INSERT INTO estimation_detail (id,created_at,created_user_id,updated_at,updated_user_id,version,estimation_id,state,quantity,estimation_amount_summary,detail_abstract,extends_parameter) VALUES (402,'2018/09/19 12:09:10','COTOS','2018/09/19 12:09:10','COTOS',1,4,'1',2,2340,'dummy_detail_abstract_402','dummy_extends_parameter_402');
INSERT INTO dealer_estimation (id,created_at,created_user_id,updated_at,updated_user_id,version,mom_kjb_system_id,dealer_name,post_number,address,org_phone_number,pic_name,pic_dept_name,pic_phone_number,pic_fax_number,estimation_id,dealer_flow_order,pic_mail_address) VALUES (401,'2018/09/19 12:09:10','COTOS','2018/09/19 12:09:10','COTOS',1,'000000003064816','dummy_dealer_name_401','dummy_post_number_401','dummy_address_401','dummy_org_phone_number_401','dummy_pic_name_401','dummy_pic_dept_name_401','dummy_pic_phone_number_401','dummy_pic_fax_number_401',4,1,'dummy@dummy.com');
INSERT INTO dealer_estimation (id,created_at,created_user_id,updated_at,updated_user_id,version,mom_kjb_system_id,dealer_name,post_number,address,org_phone_number,pic_name,pic_dept_name,pic_phone_number,pic_fax_number,estimation_id,dealer_flow_order,pic_mail_address) VALUES (402,'2018/09/19 12:09:10','COTOS','2018/09/19 12:09:10','COTOS',1,'000000003064816','dummy_dealer_name_402','dummy_post_number_402','dummy_address_402','dummy_org_phone_number_402','dummy_pic_name_402','dummy_pic_dept_name_402','dummy_pic_phone_number_402','dummy_pic_fax_number_402',4,2,'dummy@dummy.com');
INSERT INTO item_estimation (id,created_at,created_user_id,updated_at,updated_user_id,version,item_master_id,product_master_id,item_estimation_name,ricoh_item_code,item_type,cost_type,partition_price,estimation_detail_id) VALUES (401,'2018/09/19 12:09:10','COTOS','2018/09/19 12:09:10','COTOS',1,2008,3,'Office365 P2 ｼｮｹﾞﾂ','FB4901','0','1',1020,401);
INSERT INTO item_estimation (id,created_at,created_user_id,updated_at,updated_user_id,version,item_master_id,product_master_id,item_estimation_name,ricoh_item_code,item_type,cost_type,partition_price,estimation_detail_id) VALUES (402,'2018/09/19 12:09:10','COTOS','2018/09/19 12:09:10','COTOS',1,2008,3,'ｸﾗｳﾄﾞｻｰﾋﾞｽFOROFFICE365 ｵﾌﾟｼｮﾝ JPﾄﾞﾒｲﾝｶﾝﾘ','FB4845','0','2',1170,402);
INSERT INTO product_estimation (id,created_at,created_user_id,updated_at,updated_user_id,version,product_master_id,product_estimation_name,rep_item_master_id,service_ident_number,estimation_id,extends_parameter) VALUES (401,'2018/09/19 12:09:10','COTOS','2018/09/19 12:09:10','COTOS',1,6001,'GSP',1,'CS2018112600001',4,'{"cpqProductSpecificParameter":{"cotosProductSpecificParameter":[{"continuePossibleFlg":"1","reContractNotAllowedFlg":"1","equipmentCode":"機種コード001","equipmentName":"機種名TEST001","equipmentNumber":"機番12345","ｍodelNumber":"型番999","branchesNumber":"枝番1","makerName":"富士通","purchaseDate":"2020/12/31","maintenanceEndDate":"2021/01/01","bodyFlg":"1","serviceMachineFlg":"2","quantity":1,"deleteFlg":"1","itemCode":"品種コード002","originContractEquipmentId":"101"},{"continuePossibleFlg":null,"reContractNotAllowedFlg":null,"equipmentCode":null,"equipmentName":null,"equipmentNumber":null,"ｍodelNumber":null,"branchesNumber":null,"makerName":null,"purchaseDate":null,"maintenanceEndDate":null,"bodyFlg":null,"serviceMachineFlg":null,"quantity":null,"deleteFlg":null,"itemCode":null,"originContractEquipmentId":null}]}}');
--▼元契約（標準データ）
insert into contract (id,created_at,created_user_id,updated_at,updated_user_id,version,contract_type,product_grp_master_id,lifecycle_status,workflow_status,immutable_cont_ident_number,case_number,case_title,contract_number,contract_branch_number,contract_title,origin_contract_number,origin_contract_branch_number,origin_contract_id,change_preferred_date,contract_date,account_sales_flg,billing_date,service_term_start,service_term_end,cancel_scheduled_date,estimation_number,estimation_branch_number,estimation_id,estimation_title,commercial_flow_div,issue_format,billing_customer_sp_code,billing_customer_sp_name,payment_terms,payment_method,extends_parameter,cancel_reason,cancel_reason_etc,conclusion_preferred_date,cancel_decision_date,contact_no,acceptance_date,ss_work_request_create_flg,purchase_manage_number) values (4,'2018/09/19 12:09:10','COTOS','2018/09/19 12:09:10','COTOS',1,'1',1002,'1','1','4','案件番号','案件名','契約番号_04',1,'契約件名','CC20180919001501',1,1,'2018/10/1','2018/9/19',0,'2018/11/1','2018/10/1','2020/9/1','2018/12/31','CE20180919001501',1,4,null,'1','1','101','得意先宛名','支払条件','支払方法',null,null,'その他解約理由',sysdate + 30,'2020/12/31',null,null,null,null);
insert into product_contract (id,created_at,created_user_id,updated_at,updated_user_id,version,product_master_id,product_contract_name,rep_item_master_id,service_ident_number,contract_id,extends_parameter,extends_parameter_iterance) values (401,'2018/09/19 12:09:10','COTOS','2018/09/19 12:09:10','COTOS',1,6001,'GSP',null,'dummy_101',4,'{"contractTypeDetails":"1"}',null);
-- 分解前
insert into contract_detail (id,created_at,created_user_id,updated_at,updated_user_id,version,contract_id,state,quantity,unit_price,amount_summary,detail_abstract,extends_parameter,contract_span) values (401,'2018/09/19 12:09:10','COTOS','2018/09/19 12:09:10','COTOS',1,4,'1',1,632,845,null,null,'12');
insert into item_contract (id,created_at,created_user_id,updated_at,updated_user_id,version,item_master_id,product_master_id,item_contract_name,ricoh_item_code,item_type,cost_type,partition_price,contract_detail_id,rj_dividing_price,mother_store_price,item_decompose_type) values (401,'2018/09/19 12:09:10','COTOS','2018/09/19 12:09:10','COTOS',1,16003,6001,'導入保守サービス FG60E 4年','CAP529','1','1',845,401,633,632,1);
insert into contract_detail (id,created_at,created_user_id,updated_at,updated_user_id,version,contract_id,state,quantity,unit_price,amount_summary,detail_abstract,extends_parameter,contract_span) values (402,'2018/09/19 12:09:10','COTOS','2018/09/19 12:09:10','COTOS',1,4,'1',1,632,845,null,null,'12');
insert into item_contract (id,created_at,created_user_id,updated_at,updated_user_id,version,item_master_id,product_master_id,item_contract_name,ricoh_item_code,item_type,cost_type,partition_price,contract_detail_id,rj_dividing_price,mother_store_price,item_decompose_type) values (402,'2018/09/19 12:09:10','COTOS','2018/09/19 12:09:10','COTOS',1,16036,6001,'ルーターモード導入','973680','2','1',845,402,633,632,1);
insert into contract_detail (id,created_at,created_user_id,updated_at,updated_user_id,version,contract_id,state,quantity,unit_price,amount_summary,detail_abstract,extends_parameter,contract_span) values (403,'2018/09/19 12:09:10','COTOS','2018/09/19 12:09:10','COTOS',1,4,'1',1,632,845,null,null,'12');
insert into item_contract (id,created_at,created_user_id,updated_at,updated_user_id,version,item_master_id,product_master_id,item_contract_name,ricoh_item_code,item_type,cost_type,partition_price,contract_detail_id,rj_dividing_price,mother_store_price,item_decompose_type) values (403,'2018/09/19 12:09:10','COTOS','2018/09/19 12:09:10','COTOS',1,13009,6001,'GSPテスト_契約期間4年','GSP002','1','1',845,403,633,632,null);
insert into contract_detail (id,created_at,created_user_id,updated_at,updated_user_id,version,contract_id,state,quantity,unit_price,amount_summary,detail_abstract,extends_parameter,contract_span) values (404,'2018/09/19 12:09:10','COTOS','2018/09/19 12:09:10','COTOS',1,4,'1',1,632,845,null,null,'12');
insert into item_contract (id,created_at,created_user_id,updated_at,updated_user_id,version,item_master_id,product_master_id,item_contract_name,ricoh_item_code,item_type,cost_type,partition_price,contract_detail_id,rj_dividing_price,mother_store_price,item_decompose_type) values (404,'2018/09/19 12:09:10','COTOS','2018/09/19 12:09:10','COTOS',1,17921,6001,'導入保守サービス FG100D　5年','CAP510','1','1',845,404,633,632,2);
-- 分解後
insert into contract_detail (id,created_at,created_user_id,updated_at,updated_user_id,version,contract_id,state,quantity,unit_price,amount_summary,detail_abstract,extends_parameter,contract_span) values (405,'2018/09/19 12:09:10','COTOS','2018/09/19 12:09:10','COTOS',1,4,'1',1,632,845,null,null,'12');
insert into item_contract (id,created_at,created_user_id,updated_at,updated_user_id,version,item_master_id,product_master_id,item_contract_name,ricoh_item_code,item_type,cost_type,partition_price,contract_detail_id,rj_dividing_price,mother_store_price,item_decompose_type) values (405,'2018/09/19 12:09:10','COTOS','2018/09/19 12:09:10','COTOS',1,16013,6001,'スタンダードプラン FG60F 5年','973662','1','1',845,405,633,632,3);
insert into contract_detail (id,created_at,created_user_id,updated_at,updated_user_id,version,contract_id,state,quantity,unit_price,amount_summary,detail_abstract,extends_parameter,contract_span) values (406,'2018/09/19 12:09:10','COTOS','2018/09/19 12:09:10','COTOS',1,4,'1',1,632,845,null,null,'12');
insert into item_contract (id,created_at,created_user_id,updated_at,updated_user_id,version,item_master_id,product_master_id,item_contract_name,ricoh_item_code,item_type,cost_type,partition_price,contract_detail_id,rj_dividing_price,mother_store_price,item_decompose_type) values (406,'2018/09/19 12:09:10','COTOS','2018/09/19 12:09:10','COTOS',1,16023,6001,'サイバーセキュリティプラン FG60F 5年','973631','1','1',845,406,633,632,3);
--
INSERT INTO attached_file (id,created_at,created_user_id,updated_at,updated_user_id,version,file_physics_name,file_size,content_type,saved_path) VALUES (1,'2018/09/19 12:09:10','COTOS','2018/09/19 12:09:10','COTOS',1,'添付ファイル名1',100,'コンテンツタイプ1','サーバーパス1');
INSERT INTO attached_file (id,created_at,created_user_id,updated_at,updated_user_id,version,file_physics_name,file_size,content_type,saved_path) VALUES (2,'2018/09/19 12:09:10','COTOS','2018/09/19 12:09:10','COTOS',1,'添付ファイル名2',100,'コンテンツタイプ2','サーバーパス2');
INSERT INTO estimation_attached_file (id,created_at,created_user_id,updated_at,updated_user_id,version,estimation_id,file_name,file_kind,attached_file_id,attached_comment,attached_emp_id,attached_emp_name,attached_org_name,attached_at) VALUES (401,'2018/09/19 12:09:10','COTOS','2018/09/19 12:09:10','COTOS',1,4,'隕狗ｩ肴ｷｻ莉倥ヵ繧｡繧､繝ｫ_1','隕狗ｩ肴ｷｻ莉倥ヵ繧｡繧､繝ｫ遞ｮ鬘枩1',1,'dummy_attached_comment_401','00465984','dummy_attached_emp_name_401','dummy_attached_org_name_401','2018/09/19 12:09:10');
INSERT INTO estimation_attached_file (id,created_at,created_user_id,updated_at,updated_user_id,version,estimation_id,file_name,file_kind,attached_file_id,attached_comment,attached_emp_id,attached_emp_name,attached_org_name,attached_at) VALUES (402,'2018/09/19 12:09:10','COTOS','2018/09/19 12:09:10','COTOS',1,4,'隕狗ｩ肴ｷｻ莉倥ヵ繧｡繧､繝ｫ_2','隕狗ｩ肴ｷｻ莉倥ヵ繧｡繧､繝ｫ遞ｮ鬘枩2',2,'dummy_attached_comment_402','00935791','dummy_attached_emp_name_402','dummy_attached_org_name_402','2018/09/19 12:09:10');
INSERT INTO contract_pic_sa_emp (id,created_at,created_user_id,updated_at,updated_user_id,version,mom_employee_id,mom_org_id,org_hierarchy_level,org_name,sales_company_name,org_phone_number,employee_name,sales_department_name,post_number,address,phone_number,fax_number,mail_address,contract_id) VALUES (401,'2018/09/19 12:09:10','髙橋●','2018/09/19 12:09:10','COTOS',1,'00229746','dummy_mom_org_id_401',1,'dummy_org_name_401','dummy_sales_company_name_401','dummy_org_phone_number_401','dummy_employee_name_401','dummy_sales_department_name_401','dummy_post_number_401','dummy@nts.ricoh.co.jp','dummy_phone_number_401','dummy_fax_number_401','dummy@nts.ricoh.co.jp',4);
INSERT INTO contract_pic_sa_emp (id,created_at,created_user_id,updated_at,updated_user_id,version,mom_employee_id,mom_org_id,org_hierarchy_level,org_name,sales_company_name,org_phone_number,employee_name,sales_department_name,post_number,address,phone_number,fax_number,mail_address,contract_id) VALUES (501,'2018/09/19 12:09:10','髙橋●','2018/09/19 12:09:10','COTOS',1,'00229746','dummy_mom_org_id_501',1,'dummy_org_name_501','dummy_sales_company_name_501','dummy_org_phone_number_501','dummy_employee_name_501','dummy_sales_department_name_501','dummy_post_number_501','dummy@nts.ricoh.co.jp','dummy_phone_number_501','dummy_fax_number_501','dummy@nts.ricoh.co.jp',5);
INSERT INTO contract_added_editor_emp (id,created_at,created_user_id,updated_at,updated_user_id,version,mom_employee_id,mom_org_id,org_hierarchy_level,org_name,sales_company_name,org_phone_number,employee_name,sales_department_name,post_number,address,phone_number,fax_number,mail_address,contract_id) VALUES (401,'2018/09/19 12:09:10','COTOS','2018/09/19 12:09:10','COTOS',1,'00465984','[テストパターン4]代理承認者１',1,'dummy_org_name_401','dummy_sales_company_name_401','dummy_org_phone_number_401','dummy_employee_name_401','dummy_sales_department_name_401','dummy_post_number_401','dummy_address_401','dummy_phone_number_401','dummy_fax_number_401','dummy@nts.ricoh.co.jp',4);
INSERT INTO dealer_contract (id,created_at,created_user_id,updated_at,updated_user_id,version,mom_kjb_system_id,dealer_name,post_number,address,org_phone_number,pic_name,pic_dept_name,pic_phone_number,pic_fax_number,contract_id,dealer_flow_order) VALUES (401,'2018/09/19 12:09:10','COTOS','2018/09/19 12:09:10','COTOS',1,'000000003064816','福＊＊西＊店＊','dummy_post_number_401','dummy_address_401','dummy_org_phone_number_401','dummy_pic_name_401','dummy_pic_dept_name_401','dummy_pic_phone_number_401','dummy_pic_fax_number_401',4,1);
INSERT INTO customer_contract (id,created_at,created_user_id,updated_at,updated_user_id,version,mom_kjb_system_id,mom_cust_id,company_id,office_id,department_div,customer_name,company_name,company_name_kana,office_name,department_name,post_number,address,phone_number,fax_number,company_representative_name,company_representative_name_kana,pic_name,pic_name_kana,pic_dept_name,pic_phone_number,pic_fax_number,pic_mail_address,contract_id) VALUES (401,'2018/09/19 12:09:10','COTOS','2018/09/19 12:09:10','COTOS',1,'000000003985825','000000002773772','000000002033411','000000001269962','2','dummy_customer_name_401','dummy_company_name_401','dummy_company_name_kana_401','dummy_office_name_401','dummy_department_name_401','dummy_post_number_401','dummy_address_401','dummy_phone_number_401','dummy_fax_number_401','dummy_company_representative_name_401','dummy_company_representative_name_kana_401','dummy_pic_name_401','dummy_pic_name_kana_401','dummy_pic_dept_name_401','dummy_pic_phone_number_401','dummy_pic_fax_number_401','dummy_pic_mail_address_401',4);
INSERT INTO customer_contract (id,created_at,created_user_id,updated_at,updated_user_id,version,mom_kjb_system_id,mom_cust_id,company_id,office_id,department_div,customer_name,company_name,company_name_kana,office_name,department_name,post_number,address,phone_number,fax_number,company_representative_name,company_representative_name_kana,pic_name,pic_name_kana,pic_dept_name,pic_phone_number,pic_fax_number,pic_mail_address,contract_id) VALUES (501,'2018/09/19 12:09:10','COTOS','2018/09/19 12:09:10','COTOS',1,'000000003985825','000000002773772','000000002033411','000000001269962','2','dummy_customer_name_501','dummy_company_name_501','dummy_company_name_kana_501','dummy_office_name_501','dummy_department_name_501','dummy_post_number_501','dummy_address_501','dummy_phone_number_501','dummy_fax_number_501','dummy_company_representative_name_501','dummy_company_representative_name_kana_501','dummy_pic_name_501','dummy_pic_name_kana_501','dummy_pic_dept_name_501','dummy_pic_phone_number_501','dummy_pic_fax_number_501','dummy_pic_mail_address_501',5);
INSERT INTO PENALTY_DETAIL_ESTIMATION(ID,CREATED_AT,CREATED_USER_ID,UPDATED_AT,UPDATED_USER_ID,VERSION,ESTIMATION_ID,ITEM_MASTER_ID,ITEM_NAME,PENALTY_UNIT_PRICE,QUANTITY,PENALTY_AMOUNT_SUMMARY,DELETE_FLG) VALUES (3,'2020/10/09 17:22:21','test','2020/10/09 17:22:30','test',1,3,1,'test',10,1,1,1);
INSERT INTO PENALTY_DETAIL_ESTIMATION(ID,CREATED_AT,CREATED_USER_ID,UPDATED_AT,UPDATED_USER_ID,VERSION,ESTIMATION_ID,ITEM_MASTER_ID,ITEM_NAME,PENALTY_UNIT_PRICE,QUANTITY,PENALTY_AMOUNT_SUMMARY,DELETE_FLG) VALUES (4,'2020/10/09 17:22:21','test','2020/10/09 17:22:30','test',1,4,1,'test',10,1,1,1);
INSERT INTO PENALTY_DETAIL_ESTIMATION(ID,CREATED_AT,CREATED_USER_ID,UPDATED_AT,UPDATED_USER_ID,VERSION,ESTIMATION_ID,ITEM_MASTER_ID,ITEM_NAME,PENALTY_UNIT_PRICE,QUANTITY,PENALTY_AMOUNT_SUMMARY,DELETE_FLG) VALUES (5,'2020/10/09 17:22:21','test','2020/10/09 17:22:30','test',1,5,1,'test',10,1,1,1);

--▼見積 見積ID:4 元契約ID:5
INSERT INTO estimation (id,created_at,created_user_id,updated_at,updated_user_id,version,product_grp_master_id,lifecycle_status,workflow_status,immutable_cont_ident_number,case_number,case_title,estimation_number,estimation_branch_number,estimation_title,estimation_type,estimated_system_div,origin_contract_number,origin_contract_branch_number,origin_contract_id,commercial_flow_div,issue_format,issue_estimation_title,issue_customer_corp_name,estimation_limit,cover_company_name,cover_title,cover_estimation_subject,cover_payment_terms,cover_delivery_date,cover_expiration_date,cover_remarks,cover_presentation_date,publish_company,publish_department,publish_post_number,publish_address,publish_tel,publish_fax,publish_employee,sp_price_apply_reason,sp_price_apply_reason_text,main_competitor_name,competition_info,competition_contract_div,competition_amount,extends_parameter,app_id) VALUES (5,'2018/09/19 12:09:10','COTOS','2018/09/19 12:09:10','COTOS',1,200,'3','1','1','4','[テストパターン4]見積→契約→手配→解約手配まで','CE2018091900501',1,'[テストパターン4]見積→契約→手配→解約手配まで','1','1','CC2018091900501',1,4,'3','1','[テストパターン4]見積→契約→手配→解約手配まで','[テストパターン4]','2018/10/1','[テストパターン4]鑑用企業名','さま','[テストパターン4]鑑用見積件名','[テストパターン4]鑑用支払条件','2018/10/1','2018/11/1','備考','2018/11/1','[テストパターン4]発行元会社名','[テストパターン4]発行元所属','210-xxxx','[テストパターン4]発行元住所','xx-xxxx-xxxx','xx-xxxx-xxxx','[テストパターン4]発行元担当者名','[テストパターン4]特価希望理由','[テストパターン4]特価希望理由テキスト','[テストパターン4]主競合先名称','[テストパターン4]競合情報','[テストパターン4]競合先契約種別',100,'[テストパターン4]拡張項目','cotos_dev');
INSERT INTO estimation_detail (id,created_at,created_user_id,updated_at,updated_user_id,version,estimation_id,state,quantity,estimation_amount_summary,detail_abstract,extends_parameter) VALUES (501,'2018/09/19 12:09:10','COTOS','2018/09/19 12:09:10','COTOS',1,5,'1',1,1020,'dummy_detail_abstract_401','dummy_extends_parameter_401');
INSERT INTO estimation_detail (id,created_at,created_user_id,updated_at,updated_user_id,version,estimation_id,state,quantity,estimation_amount_summary,detail_abstract,extends_parameter) VALUES (502,'2018/09/19 12:09:10','COTOS','2018/09/19 12:09:10','COTOS',1,5,'1',2,2340,'dummy_detail_abstract_402','dummy_extends_parameter_402');
INSERT INTO dealer_estimation (id,created_at,created_user_id,updated_at,updated_user_id,version,mom_kjb_system_id,dealer_name,post_number,address,org_phone_number,pic_name,pic_dept_name,pic_phone_number,pic_fax_number,estimation_id,dealer_flow_order,pic_mail_address) VALUES (501,'2018/09/19 12:09:10','COTOS','2018/09/19 12:09:10','COTOS',1,'000000003064816','dummy_dealer_name_501','dummy_post_number_501','dummy_address_501','dummy_org_phone_number_501','dummy_pic_name_501','dummy_pic_dept_name_501','dummy_pic_phone_number_501','dummy_pic_fax_number_501',5,1,'dummy@dummy.com');
INSERT INTO dealer_estimation (id,created_at,created_user_id,updated_at,updated_user_id,version,mom_kjb_system_id,dealer_name,post_number,address,org_phone_number,pic_name,pic_dept_name,pic_phone_number,pic_fax_number,estimation_id,dealer_flow_order,pic_mail_address) VALUES (502,'2018/09/19 12:09:10','COTOS','2018/09/19 12:09:10','COTOS',1,'000000003064816','dummy_dealer_name_502','dummy_post_number_502','dummy_address_502','dummy_org_phone_number_502','dummy_pic_name_502','dummy_pic_dept_name_502','dummy_pic_phone_number_502','dummy_pic_fax_number_502',5,2,'dummy@dummy.com');
INSERT INTO item_estimation (id,created_at,created_user_id,updated_at,updated_user_id,version,item_master_id,product_master_id,item_estimation_name,ricoh_item_code,item_type,cost_type,partition_price,estimation_detail_id) VALUES (501,'2018/09/19 12:09:10','COTOS','2018/09/19 12:09:10','COTOS',1,2008,3,'Office365 P2 ｼｮｹﾞﾂ','FB4901','0','1',1020,501);
INSERT INTO item_estimation (id,created_at,created_user_id,updated_at,updated_user_id,version,item_master_id,product_master_id,item_estimation_name,ricoh_item_code,item_type,cost_type,partition_price,estimation_detail_id) VALUES (502,'2018/09/19 12:09:10','COTOS','2018/09/19 12:09:10','COTOS',1,2008,3,'ｸﾗｳﾄﾞｻｰﾋﾞｽFOROFFICE365 ｵﾌﾟｼｮﾝ JPﾄﾞﾒｲﾝｶﾝﾘ','FB4845','0','2',1170,502);
INSERT INTO product_estimation (id,created_at,created_user_id,updated_at,updated_user_id,version,product_master_id,product_estimation_name,rep_item_master_id,service_ident_number,estimation_id,extends_parameter) VALUES (501,'2018/09/19 12:09:10','COTOS','2018/09/19 12:09:10','COTOS',1,6001,'GSP',1,'CS2018112600001',5,'{"cpqProductSpecificParameter":{"cotosProductSpecificParameter":[{"continuePossibleFlg":"1","reContractNotAllowedFlg":"1","equipmentCode":"機種コード001","equipmentName":"機種名TEST001","equipmentNumber":"機番12345","ｍodelNumber":"型番999","branchesNumber":"枝番1","makerName":"富士通","purchaseDate":"2020/12/31","maintenanceEndDate":"2021/01/01","bodyFlg":"1","serviceMachineFlg":"2","quantity":1,"deleteFlg":"1","itemCode":"品種コード002","originContractEquipmentId":"101"},{"continuePossibleFlg":null,"reContractNotAllowedFlg":null,"equipmentCode":null,"equipmentName":null,"equipmentNumber":null,"ｍodelNumber":null,"branchesNumber":null,"makerName":null,"purchaseDate":null,"maintenanceEndDate":null,"bodyFlg":null,"serviceMachineFlg":null,"quantity":null,"deleteFlg":null,"itemCode":null,"originContractEquipmentId":null}]},"migrationParameter":{"migrationDiv":"1"}}');
--▼元契約（RITOS移行データ）
insert into contract (id,created_at,created_user_id,updated_at,updated_user_id,version,contract_type,product_grp_master_id,lifecycle_status,workflow_status,immutable_cont_ident_number,case_number,case_title,contract_number,contract_branch_number,contract_title,origin_contract_number,origin_contract_branch_number,origin_contract_id,change_preferred_date,contract_date,account_sales_flg,billing_date,service_term_start,service_term_end,cancel_scheduled_date,estimation_number,estimation_branch_number,estimation_id,estimation_title,commercial_flow_div,issue_format,billing_customer_sp_code,billing_customer_sp_name,payment_terms,payment_method,extends_parameter,cancel_reason,cancel_reason_etc,conclusion_preferred_date,cancel_decision_date,contact_no,acceptance_date,ss_work_request_create_flg,purchase_manage_number) values (5,'2018/09/19 12:09:10','COTOS','2018/09/19 12:09:10','COTOS',1,'1',1002,'1','1','5','案件番号','案件名','契約番号_05',1,'契約件名','CC20180919001502',1,1,'2018/10/1','2018/9/19',0,'2018/11/1','2018/10/1','2020/9/1','2018/12/31','CE20180919001502',1,5,null,'1','1','101','得意先宛名','支払条件','支払方法',null,null,'その他解約理由',sysdate + 30,'2020/12/31',null,null,null,null);
insert into product_contract (id,created_at,created_user_id,updated_at,updated_user_id,version,product_master_id,product_contract_name,rep_item_master_id,service_ident_number,contract_id,extends_parameter,extends_parameter_iterance) values (501,'2018/09/19 12:09:10','COTOS','2018/09/19 12:09:10','COTOS',1,6001,'GSP',null,'dummy_101',5,'{"contractTypeDetails":"1","migrationParameter":{"migrationDiv":"1"}}',null);
-- 分解前
insert into contract_detail (id,created_at,created_user_id,updated_at,updated_user_id,version,contract_id,state,quantity,unit_price,amount_summary,detail_abstract,extends_parameter,contract_span) values (501,'2018/09/19 12:09:10','COTOS','2018/09/19 12:09:10','COTOS',1,5,'1',1,632,845,null,'{"ritosExitMigration":{"ritosDocumentNumber":"A","basicContractSerialNumber":1}}','12');
insert into item_contract (id,created_at,created_user_id,updated_at,updated_user_id,version,item_master_id,product_master_id,item_contract_name,ricoh_item_code,item_type,cost_type,partition_price,contract_detail_id,rj_dividing_price,mother_store_price,item_decompose_type) values (501,'2018/09/19 12:09:10','COTOS','2018/09/19 12:09:10','COTOS',1,16003,6001,'導入保守サービス FG60E 4年','CAP529','1','1',845,501,633,632,1);
insert into contract_detail (id,created_at,created_user_id,updated_at,updated_user_id,version,contract_id,state,quantity,unit_price,amount_summary,detail_abstract,extends_parameter,contract_span) values (502,'2018/09/19 12:09:10','COTOS','2018/09/19 12:09:10','COTOS',1,5,'1',1,632,845,null,'{"ritosExitMigration":{"ritosDocumentNumber":"B","basicContractSerialNumber":1}}','12');
insert into item_contract (id,created_at,created_user_id,updated_at,updated_user_id,version,item_master_id,product_master_id,item_contract_name,ricoh_item_code,item_type,cost_type,partition_price,contract_detail_id,rj_dividing_price,mother_store_price,item_decompose_type) values (502,'2018/09/19 12:09:10','COTOS','2018/09/19 12:09:10','COTOS',1,16036,6001,'ルーターモード導入','973680','2','1',845,502,633,632,1);
insert into contract_detail (id,created_at,created_user_id,updated_at,updated_user_id,version,contract_id,state,quantity,unit_price,amount_summary,detail_abstract,extends_parameter,contract_span) values (503,'2018/09/19 12:09:10','COTOS','2018/09/19 12:09:10','COTOS',1,5,'1',1,632,845,null,'{"ritosExitMigration":{"ritosDocumentNumber":"C","basicContractSerialNumber":2}}','12');
insert into item_contract (id,created_at,created_user_id,updated_at,updated_user_id,version,item_master_id,product_master_id,item_contract_name,ricoh_item_code,item_type,cost_type,partition_price,contract_detail_id,rj_dividing_price,mother_store_price,item_decompose_type) values (503,'2018/09/19 12:09:10','COTOS','2018/09/19 12:09:10','COTOS',1,13009,6001,'GSPテスト_契約期間4年','GSP002','1','1',845,503,633,632,null);
insert into contract_detail (id,created_at,created_user_id,updated_at,updated_user_id,version,contract_id,state,quantity,unit_price,amount_summary,detail_abstract,extends_parameter,contract_span) values (504,'2018/09/19 12:09:10','COTOS','2018/09/19 12:09:10','COTOS',1,5,'1',1,632,845,null,'{"ritosExitMigration":{"ritosDocumentNumber":"C","basicContractSerialNumber":2}}','12');
insert into item_contract (id,created_at,created_user_id,updated_at,updated_user_id,version,item_master_id,product_master_id,item_contract_name,ricoh_item_code,item_type,cost_type,partition_price,contract_detail_id,rj_dividing_price,mother_store_price,item_decompose_type) values (504,'2018/09/19 12:09:10','COTOS','2018/09/19 12:09:10','COTOS',1,17921,6001,'導入保守サービス FG100D　5年','CAP510','1','1',845,504,633,632,2);
-- 分解後
insert into contract_detail (id,created_at,created_user_id,updated_at,updated_user_id,version,contract_id,state,quantity,unit_price,amount_summary,detail_abstract,extends_parameter,contract_span) values (505,'2018/09/19 12:09:10','COTOS','2018/09/19 12:09:10','COTOS',1,5,'1',1,632,845,null,'{"ritosExitMigration":{"ritosDocumentNumber":"C","basicContractSerialNumber":2}}','12');
insert into item_contract (id,created_at,created_user_id,updated_at,updated_user_id,version,item_master_id,product_master_id,item_contract_name,ricoh_item_code,item_type,cost_type,partition_price,contract_detail_id,rj_dividing_price,mother_store_price,item_decompose_type) values (505,'2018/09/19 12:09:10','COTOS','2018/09/19 12:09:10','COTOS',1,16013,6001,'スタンダードプラン FG60F 5年','973662','1','1',845,505,633,632,3);
insert into contract_detail (id,created_at,created_user_id,updated_at,updated_user_id,version,contract_id,state,quantity,unit_price,amount_summary,detail_abstract,extends_parameter,contract_span) values (506,'2018/09/19 12:09:10','COTOS','2018/09/19 12:09:10','COTOS',1,5,'1',1,632,845,null,'{"ritosExitMigration":{"ritosDocumentNumber":"C","basicContractSerialNumber":2}}','12');
insert into item_contract (id,created_at,created_user_id,updated_at,updated_user_id,version,item_master_id,product_master_id,item_contract_name,ricoh_item_code,item_type,cost_type,partition_price,contract_detail_id,rj_dividing_price,mother_store_price,item_decompose_type) values (506,'2018/09/19 12:09:10','COTOS','2018/09/19 12:09:10','COTOS',1,16023,6001,'サイバーセキュリティプラン FG60F 5年','973631','1','1',845,506,633,632,3);

INSERT INTO attached_file (id,created_at,created_user_id,updated_at,updated_user_id,version,file_physics_name,file_size,content_type,saved_path) VALUES (3,'2018/09/19 12:09:10','COTOS','2018/09/19 12:09:10','COTOS',1,'添付ファイル名1',100,'コンテンツタイプ1','サーバーパス1');
INSERT INTO attached_file (id,created_at,created_user_id,updated_at,updated_user_id,version,file_physics_name,file_size,content_type,saved_path) VALUES (4,'2018/09/19 12:09:10','COTOS','2018/09/19 12:09:10','COTOS',1,'添付ファイル名2',100,'コンテンツタイプ2','サーバーパス2');
INSERT INTO estimation_attached_file (id,created_at,created_user_id,updated_at,updated_user_id,version,estimation_id,file_name,file_kind,attached_file_id,attached_comment,attached_emp_id,attached_emp_name,attached_org_name,attached_at) VALUES (501,'2018/09/19 12:09:10','COTOS','2018/09/19 12:09:10','COTOS',1,5,'隕狗ｩ肴ｷｻ莉倥ヵ繧｡繧､繝ｫ_3','隕狗ｩ肴ｷｻ莉倥ヵ繧｡繧､繝ｫ遞ｮ鬘枩3',3,'dummy_attached_comment_501','00465984','dummy_attached_emp_name_501','dummy_attached_org_name_501','2018/09/19 12:09:10');
INSERT INTO estimation_attached_file (id,created_at,created_user_id,updated_at,updated_user_id,version,estimation_id,file_name,file_kind,attached_file_id,attached_comment,attached_emp_id,attached_emp_name,attached_org_name,attached_at) VALUES (502,'2018/09/19 12:09:10','COTOS','2018/09/19 12:09:10','COTOS',1,5,'隕狗ｩ肴ｷｻ莉倥ヵ繧｡繧､繝ｫ_4','隕狗ｩ肴ｷｻ莉倥ヵ繧｡繧､繝ｫ遞ｮ鬘枩4',4,'dummy_attached_comment_502','00935791','dummy_attached_emp_name_502','dummy_attached_org_name_502','2018/09/19 12:09:10');
INSERT INTO contract_pic_sa_emp (id,created_at,created_user_id,updated_at,updated_user_id,version,mom_employee_id,mom_org_id,org_hierarchy_level,org_name,sales_company_name,org_phone_number,employee_name,sales_department_name,post_number,address,phone_number,fax_number,mail_address,contract_id) VALUES (402,'2018/09/19 12:09:10','髙橋●','2018/09/19 12:09:10','COTOS',1,'00229746','dummy_mom_org_id_402',1,'dummy_org_name_402','dummy_sales_company_name_402','dummy_org_phone_number_402','dummy_employee_name_402','dummy_sales_department_name_402','dummy_post_number_402','dummy@nts.ricoh.co.jp','dummy_phone_number_402','dummy_fax_number_402','dummy@nts.ricoh.co.jp',6);
INSERT INTO contract_pic_sa_emp (id,created_at,created_user_id,updated_at,updated_user_id,version,mom_employee_id,mom_org_id,org_hierarchy_level,org_name,sales_company_name,org_phone_number,employee_name,sales_department_name,post_number,address,phone_number,fax_number,mail_address,contract_id) VALUES (502,'2018/09/19 12:09:10','髙橋●','2018/09/19 12:09:10','COTOS',1,'00229746','dummy_mom_org_id_502',1,'dummy_org_name_502','dummy_sales_company_name_502','dummy_org_phone_number_502','dummy_employee_name_502','dummy_sales_department_name_502','dummy_post_number_502','dummy@nts.ricoh.co.jp','dummy_phone_number_502','dummy_fax_number_502','dummy@nts.ricoh.co.jp',7);
INSERT INTO contract_added_editor_emp (id,created_at,created_user_id,updated_at,updated_user_id,version,mom_employee_id,mom_org_id,org_hierarchy_level,org_name,sales_company_name,org_phone_number,employee_name,sales_department_name,post_number,address,phone_number,fax_number,mail_address,contract_id) VALUES (501,'2018/09/19 12:09:10','COTOS','2018/09/19 12:09:10','COTOS',1,'00465984','[テストパターン4]代理承認者１',1,'dummy_org_name_501','dummy_sales_company_name_501','dummy_org_phone_number_501','dummy_employee_name_501','dummy_sales_department_name_501','dummy_post_number_501','dummy_address_501','dummy_phone_number_501','dummy_fax_number_501','dummy@nts.ricoh.co.jp',5);
INSERT INTO dealer_contract (id,created_at,created_user_id,updated_at,updated_user_id,version,mom_kjb_system_id,dealer_name,post_number,address,org_phone_number,pic_name,pic_dept_name,pic_phone_number,pic_fax_number,contract_id,dealer_flow_order) VALUES (501,'2018/09/19 12:09:10','COTOS','2018/09/19 12:09:10','COTOS',1,'000000003064816','福＊＊西＊店＊','dummy_post_number_501','dummy_address_501','dummy_org_phone_number_501','dummy_pic_name_501','dummy_pic_dept_name_501','dummy_pic_phone_number_501','dummy_pic_fax_number_501',5,1);