-- ▼商品マスタ
INSERT INTO product_master (id,created_at,created_user_id,updated_at,updated_user_id,version,product_name,rep_item_master_id,app_id,contract_class_div,json_schema_master_id,product_class_div,extends_parameter_div,approver_flg,integration_contract_class_div,penalty_flg,min_contract_months,max_contract_months,siiresaki_no,arcs_contract_class_div) VALUES (6001,'2030/12/31','COTOS','2030/12/31','COTOS',1,'Merakiスマートサービス',null,'cotos','016',null,'MSS',null,null,'016',1,null,null,'022','960');
INSERT INTO item_master (id,created_at,created_user_id,updated_at,updated_user_id,version,product_master_id,item_name,ricoh_item_code,item_type,cost_type,partition_price,effective_from,effective_to,bp_cd,r_cost,rj_purchase_price,rj_dividing_price,mother_store_price,tax_flag,ifs_linkage_flg,shortest_delivery_date,standard_price,no_application_form_output_flg,no_work_report_output_flg,vup_linkage_exclusion_flg,maker_item_code,offer_end_date,new_order_stop_date,final_linked_month,lower_limit,vendor_short_name,rj_hanjihon_purchase_price,contract_span_month,contract_span_start_date_type,origin_item_master_id,penalty_flg,min_contract_months,penalty_start_date_type,penalty_item_master_id,item_decompose_type,running_from_calc_master_id) VALUES (13008,'2021/01/12','COTOS','2021/01/12','COTOS',1,6001,'GSPテスト_契約期間5年','GSP001','1','1',19500,'2020/2/5','2999/12/31',null,19500,19500,19500,19500,null,null,null,19500,null,null,null,null,null,null,null,19500,null,null,60,'2',null,null,null,null,null,null,null);
INSERT INTO item_master (id,created_at,created_user_id,updated_at,updated_user_id,version,product_master_id,item_name,ricoh_item_code,item_type,cost_type,partition_price,effective_from,effective_to,bp_cd,r_cost,rj_purchase_price,rj_dividing_price,mother_store_price,tax_flag,ifs_linkage_flg,shortest_delivery_date,standard_price,no_application_form_output_flg,no_work_report_output_flg,vup_linkage_exclusion_flg,maker_item_code,offer_end_date,new_order_stop_date,final_linked_month,lower_limit,vendor_short_name,rj_hanjihon_purchase_price,contract_span_month,contract_span_start_date_type,origin_item_master_id,penalty_flg,min_contract_months,penalty_start_date_type,penalty_item_master_id,item_decompose_type,running_from_calc_master_id) VALUES (13009,'2021/01/12','COTOS','2021/01/12','COTOS',1,6001,'GSPテスト_契約期間4年','GSP002','1','1',19500,'2020/2/5','2999/12/31',null,19500,19500,19500,19500,null,null,null,19500,null,null,null,null,null,null,null,19500,null,null,48,'2',null,null,null,null,null,null,null);
INSERT INTO item_master (id,created_at,created_user_id,updated_at,updated_user_id,version,product_master_id,item_name,ricoh_item_code,item_type,cost_type,partition_price,effective_from,effective_to,bp_cd,r_cost,rj_purchase_price,rj_dividing_price,mother_store_price,tax_flag,ifs_linkage_flg,shortest_delivery_date,standard_price,no_application_form_output_flg,no_work_report_output_flg,vup_linkage_exclusion_flg,maker_item_code,offer_end_date,new_order_stop_date,final_linked_month,lower_limit,vendor_short_name,rj_hanjihon_purchase_price,contract_span_month,contract_span_start_date_type,origin_item_master_id,penalty_flg,min_contract_months,penalty_start_date_type,penalty_item_master_id,item_decompose_type,running_from_calc_master_id) VALUES (13010,'2021/01/12','COTOS','2021/01/12','COTOS',1,6001,'GSPテスト_契約期間3年','GSP003','1','1',19500,'2020/2/5','2999/12/31',null,19500,19500,19500,19500,null,null,null,19500,null,null,null,null,null,null,null,19500,null,null,36,'2',null,null,null,null,null,null,null);
INSERT INTO item_master (id,created_at,created_user_id,updated_at,updated_user_id,version,product_master_id,item_name,ricoh_item_code,item_type,cost_type,partition_price,effective_from,effective_to,bp_cd,r_cost,rj_purchase_price,rj_dividing_price,mother_store_price,tax_flag,ifs_linkage_flg,shortest_delivery_date,standard_price,no_application_form_output_flg,no_work_report_output_flg,vup_linkage_exclusion_flg,maker_item_code,offer_end_date,new_order_stop_date,final_linked_month,lower_limit,vendor_short_name,rj_hanjihon_purchase_price,contract_span_month,contract_span_start_date_type,origin_item_master_id,penalty_flg,min_contract_months,penalty_start_date_type,penalty_item_master_id,item_decompose_type,running_from_calc_master_id) VALUES (13011,'2021/01/12','COTOS','2021/01/12','COTOS',1,6001,'GSPテスト_契約期間1年','GSP004','1','1',19500,'2020/2/5','2999/12/31',null,19500,19500,19500,19500,null,null,null,19500,null,null,null,null,null,null,null,19500,null,null,12,'2',null,null,null,null,null,null,null);
INSERT INTO item_master (id,created_at,created_user_id,updated_at,updated_user_id,version,product_master_id,item_name,ricoh_item_code,item_type,cost_type,partition_price,effective_from,effective_to,bp_cd,r_cost,rj_purchase_price,rj_dividing_price,mother_store_price,tax_flag,ifs_linkage_flg,shortest_delivery_date,standard_price,no_application_form_output_flg,no_work_report_output_flg,vup_linkage_exclusion_flg,maker_item_code,offer_end_date,new_order_stop_date,final_linked_month,lower_limit,vendor_short_name,rj_hanjihon_purchase_price,contract_span_month,contract_span_start_date_type,origin_item_master_id,penalty_flg,min_contract_months,penalty_start_date_type,penalty_item_master_id,item_decompose_type,running_from_calc_master_id) VALUES (13012,'2021/01/12','COTOS','2021/01/12','COTOS',1,6001,'GSPテスト_契約期間null','GSP005','1','1',19500,'2020/2/5','2999/12/31',null,19500,19500,19500,19500,null,null,null,19500,null,null,null,null,null,null,null,19500,null,null,null,'2',null,null,null,null,null,null,null);
--契約ID4
insert into contract (id,created_at,created_user_id,updated_at,updated_user_id,version,contract_type,product_grp_master_id,lifecycle_status,workflow_status,immutable_cont_ident_number,case_number,case_title,contract_number,contract_branch_number,contract_title,origin_contract_number,origin_contract_branch_number,origin_contract_id,change_preferred_date,contract_date,account_sales_flg,billing_date,service_term_start,service_term_end,cancel_scheduled_date,estimation_number,estimation_branch_number,estimation_id,estimation_title,commercial_flow_div,issue_format,billing_customer_sp_code,billing_customer_sp_name,payment_terms,payment_method,extends_parameter,cancel_reason,cancel_reason_etc,conclusion_preferred_date,cancel_decision_date,contact_no,acceptance_date,ss_work_request_create_flg,purchase_manage_number) values (4,'2018/09/19 12:09:10','COTOS','2018/09/19 12:09:10','COTOS',1,'2',1002,'2','7','4','案件番号','案件名','契約番号_04',4,'契約件名','CC20180919001501',1,1,'2018/10/1','2018/9/19',0,'2018/11/1','2018/10/1','2020/01/01','2018/12/31','CE20180919001501',1,1,null,'1','1','101','得意先宛名','支払条件','支払方法','dummy_extends_parameter_15',null,'その他解約理由','2020/01/15','2020/12/31',null,'2020/01/10',null,null);
INSERT INTO contract_pic_sa_emp (id,created_at,created_user_id,updated_at,updated_user_id,version,mom_employee_id,mom_org_id,org_hierarchy_level,org_name,sales_company_name,org_phone_number,employee_name,sales_department_name,post_number,address,phone_number,fax_number,mail_address,contract_id) VALUES (401,'2018/09/19 12:09:10','COTOS','2018/09/19 12:09:10','COTOS',1,'00465984','dummy_mom_org_id_401',1,'dummy_org_name_401','dummy_sales_company_name_401','dummy_org_phone_number_401','dummy_employee_name_401','dummy_sales_department_name_401','dummy_post_number_401','dummy_address_401','dummy_phone_number_401','dummy_fax_number_401','test2@softcomm.co.jp',4);
insert into contract_detail (id,created_at,created_user_id,updated_at,updated_user_id,version,contract_id,state,quantity,unit_price,amount_summary,detail_abstract,extends_parameter,contract_span) values (401,'2018/09/19 12:09:10','COTOS','2018/09/19 12:09:10','COTOS',1,4,'1',1,632,845,null,null,'12');
insert into contract_detail (id,created_at,created_user_id,updated_at,updated_user_id,version,contract_id,state,quantity,unit_price,amount_summary,detail_abstract,extends_parameter,contract_span) values (402,'2018/09/19 12:09:10','COTOS','2018/09/19 12:09:10','COTOS',1,4,'1',1,632,845,null,null,'12');
INSERT INTO customer_contract (id,created_at,created_user_id,updated_at,updated_user_id,version,mom_kjb_system_id,mom_cust_id,company_id,office_id,department_div,customer_name,company_name,company_name_kana,office_name,department_name,post_number,address,phone_number,fax_number,company_representative_name,company_representative_name_kana,pic_name,pic_name_kana,pic_dept_name,pic_phone_number,pic_fax_number,pic_mail_address,contract_id) VALUES (401,'2018/09/19 12:09:10','COTOS','2018/09/19 12:09:10','COTOS',1,'000000003985825','000000002773772','000000002033411','000000001269962','2','dummy_customer_name_401','dummy_company_name_401','dummy_company_name_kana_401','dummy_office_name_401','dummy_department_name_401','dummy_post_number_401','dummy_address_401','dummy_phone_number_401','dummy_fax_number_401','dummy_company_representative_name_401','dummy_company_representative_name_kana_401','dummy_pic_name_401','dummy_pic_name_kana_401','dummy_pic_dept_name_401','dummy_pic_phone_number_401','dummy_pic_fax_number_401','test3@softcomm.co.jp',4);
INSERT INTO product_contract (id,created_at,created_user_id,updated_at,updated_user_id,version,product_master_id,product_contract_name,rep_item_master_id,service_ident_number,contract_id,extends_parameter) VALUES (401,'2018/09/19 12:09:10','COTOS','2018/09/19 12:09:10','COTOS',1,6001,'ゲートウェイセキュリティパック',011,'CS2018091900401',4,'{"contractTypeDetails":"2"}');
insert into item_contract (id,created_at,created_user_id,updated_at,updated_user_id,version,item_master_id,product_master_id,item_contract_name,ricoh_item_code,item_type,cost_type,partition_price,contract_detail_id,rj_dividing_price,mother_store_price) values (401,'2018/09/19 12:09:10','COTOS','2018/09/19 12:09:10','COTOS',1,13010,6001,'GSPテスト_契約期間3年','973486','1','1',845,401,633,632);
insert into item_contract (id,created_at,created_user_id,updated_at,updated_user_id,version,item_master_id,product_master_id,item_contract_name,ricoh_item_code,item_type,cost_type,partition_price,contract_detail_id,rj_dividing_price,mother_store_price) values (402,'2018/09/19 12:09:10','COTOS','2018/09/19 12:09:10','COTOS',1,13008,6001,'GSPテスト_契約期間5年','973486','1','1',845,402,633,632);
--契約ID5
insert into contract (id,created_at,created_user_id,updated_at,updated_user_id,version,contract_type,product_grp_master_id,lifecycle_status,workflow_status,immutable_cont_ident_number,case_number,case_title,contract_number,contract_branch_number,contract_title,origin_contract_number,origin_contract_branch_number,origin_contract_id,change_preferred_date,contract_date,account_sales_flg,billing_date,service_term_start,service_term_end,cancel_scheduled_date,estimation_number,estimation_branch_number,estimation_id,estimation_title,commercial_flow_div,issue_format,billing_customer_sp_code,billing_customer_sp_name,payment_terms,payment_method,extends_parameter,cancel_reason,cancel_reason_etc,conclusion_preferred_date,cancel_decision_date,contact_no,acceptance_date,ss_work_request_create_flg,purchase_manage_number) values (5,'2018/09/19 12:09:10','COTOS','2018/09/19 12:09:10','COTOS',1,'2',1002,'2','7','4','案件番号','案件名','契約番号_05',5,'契約件名','CC20180919001501',1,1,'2018/10/1','2018/9/19',0,'2018/11/1','2018/10/1','2020/01/01','2018/12/31','CE20180919001501',1,1,null,'1','1','101','得意先宛名','支払条件','支払方法','dummy_extends_parameter_15',null,'その他解約理由','2020/01/15','2020/12/31',null,'2020/01/10',null,null);
INSERT INTO contract_pic_sa_emp (id,created_at,created_user_id,updated_at,updated_user_id,version,mom_employee_id,mom_org_id,org_hierarchy_level,org_name,sales_company_name,org_phone_number,employee_name,sales_department_name,post_number,address,phone_number,fax_number,mail_address,contract_id) VALUES (501,'2018/09/19 12:09:10','COTOS','2018/09/19 12:09:10','COTOS',1,'00465984','dummy_mom_org_id_401',1,'dummy_org_name_401','dummy_sales_company_name_401','dummy_org_phone_number_401','dummy_employee_name_401','dummy_sales_department_name_401','dummy_post_number_401','dummy_address_401','dummy_phone_number_401','dummy_fax_number_401','test2@softcomm.co.jp',5);
insert into contract_detail (id,created_at,created_user_id,updated_at,updated_user_id,version,contract_id,state,quantity,unit_price,amount_summary,detail_abstract,extends_parameter,contract_span) values (501,'2018/09/19 12:09:10','COTOS','2018/09/19 12:09:10','COTOS',1,5,'1',1,632,845,null,null,'12');
INSERT INTO customer_contract (id,created_at,created_user_id,updated_at,updated_user_id,version,mom_kjb_system_id,mom_cust_id,company_id,office_id,department_div,customer_name,company_name,company_name_kana,office_name,department_name,post_number,address,phone_number,fax_number,company_representative_name,company_representative_name_kana,pic_name,pic_name_kana,pic_dept_name,pic_phone_number,pic_fax_number,pic_mail_address,contract_id) VALUES (501,'2018/09/19 12:09:10','COTOS','2018/09/19 12:09:10','COTOS',1,'000000003985825','000000002773772','000000002033411','000000001269962','2','dummy_customer_name_401','dummy_company_name_401','dummy_company_name_kana_401','dummy_office_name_401','dummy_department_name_401','dummy_post_number_401','dummy_address_401','dummy_phone_number_401','dummy_fax_number_401','dummy_company_representative_name_401','dummy_company_representative_name_kana_401','dummy_pic_name_401','dummy_pic_name_kana_401','dummy_pic_dept_name_401','dummy_pic_phone_number_401','dummy_pic_fax_number_401','test3@softcomm.co.jp',5);
INSERT INTO product_contract (id,created_at,created_user_id,updated_at,updated_user_id,version,product_master_id,product_contract_name,rep_item_master_id,service_ident_number,contract_id,extends_parameter) VALUES (501,'2018/09/19 12:09:10','COTOS','2018/09/19 12:09:10','COTOS',1,6001,'ゲートウェイセキュリティパック',011,'CS2018091900401',5,'{"contractTypeDetails":"2"}');
insert into item_contract (id,created_at,created_user_id,updated_at,updated_user_id,version,item_master_id,product_master_id,item_contract_name,ricoh_item_code,item_type,cost_type,partition_price,contract_detail_id,rj_dividing_price,mother_store_price) values (501,'2018/09/19 12:09:10','COTOS','2018/09/19 12:09:10','COTOS',1,13012,6001,'GSPテスト_契約期間null','973486','1','1',845,501,633,632);